ProductId,SKU,ProductName,Category,Brand,UnitOfMeasure,ListPriceEUR,VATRate
PR00001,4V3-0T9NT,Prodotto 1 Ortofrutta,Dolci,MarcaB,LT,93.07,10
PR00002,3W5-UZBIK,Prodotto 2 Latticini,Carni,MarcaA,KG,79.53,10
PR00003,CID-KWNNH,Prodotto 3 Pulizia,Igiene,ProLine,PZ,22.63,10
PR00004,J7X-VG0FN,Prodotto 4 Pesce,Panetteria,PremiumX,PZ,21.31,22
PR00005,9XU-Y41IB,Prodotto 5 Dispensa,Carni,MarcaD,CT,12.26,10
PR00006,LJH-75LXO,Prodotto 6 Attrezzature,Pulizia,MarcaC,PZ,79.41,10
PR00007,6QJ-IUJV6,Prodotto 7 Carni,Surgelati,MarcaB,PZ,91.84,10
PR00008,OH9-SDBDW,Prodotto 8 Igiene,Latticini,ProLine,PZ,32.17,10
PR00009,2PC-N9T84,Prodotto 9 Dolci,Panetteria,MarcaB,LT,3.0,4
PR00010,AZY-TJXEP,Prodotto 10 Surgelati,Bevande,MarcaC,KG,10.32,10
PR00011,Q85-JSG65,Prodotto 11 Dispensa,Dispensa,ProLine,PZ,116.16,22
PR00012,KXV-F1T2T,Prodotto 12 Attrezzature,Bevande,ProLine,PZ,35.81,10
PR00013,ALA-753LC,Prodotto 13 Attrezzature,Carni,MarcaD,KG,92.42,4
PR00014,58D-RC11E,Prodotto 14 Attrezzature,Bevande,MarcaD,KG,75.15,4
PR00015,RTJ-5PHT0,Prodotto 15 Attrezzature,Pulizia,PremiumX,PZ,46.14,10
PR00016,HL9-XPSEI,Prodotto 16 Ortofrutta,Surgelati,PremiumX,CT,25.08,10
PR00017,MVI-HCWI6,Prodotto 17 Pulizia,Igiene,EconomyY,PZ,15.01,4
PR00018,4CI-YHE7U,Prodotto 18 Igiene,Dolci,BioZ,PZ,73.99,22
PR00019,R23-GDPPQ,Prodotto 19 Latticini,Dispensa,EconomyY,CT,93.07,10
PR00020,0Y9-DOM5I,Prodotto 20 Attrezzature,Pulizia,MarcaA,PZ,77.45,10
PR00021,GQP-KI7P5,Prodotto 21 Dolci,Pulizia,MarcaB,KG,63.87,22
PR00022,TB9-4874F,Prodotto 22 Latticini,Bevande,PremiumX,PZ,5.51,10
PR00023,RHO-CN9J2,Prodotto 23 Bevande,Bevande,MarcaD,PZ,116.23,22
PR00024,QP8-9UZFK,Prodotto 24 Bevande,Carni,MarcaC,CT,95.95,10
PR00025,8UT-0CVS4,Prodotto 25 Dolci,Dolci,MarcaD,PZ,35.49,22
PR00026,F8C-GVYIE,Prodotto 26 Pulizia,Pesce,MarcaB,LT,117.61,10
PR00027,6IV-WPVS7,Prodotto 27 Dolci,Bevande,EconomyY,PZ,72.42,22
PR00028,HZI-OYKL1,Prodotto 28 Ortofrutta,Surgelati,MarcaD,PZ,70.1,22
PR00029,CQ9-9CHJ7,Prodotto 29 Dolci,Latticini,BioZ,PZ,89.89,10
PR00030,55N-F4ZW9,Prodotto 30 Pesce,Dispensa,MarcaA,KG,97.51,22
PR00031,XA3-KX7EE,Prodotto 31 Latticini,Attrezzature,MarcaB,PZ,78.95,10
PR00032,DTJ-VZHWJ,Prodotto 32 Dispensa,Bevande,EconomyY,LT,15.81,10
PR00033,R64-DPJA1,Prodotto 33 Panetteria,Surgelati,BioZ,PZ,40.92,10
PR00034,WJ0-TPAC5,Prodotto 34 Pulizia,Surgelati,MarcaC,CT,111.41,10
PR00035,6T4-UFEL6,Prodotto 35 Dolci,Dispensa,EconomyY,PZ,27.34,10
PR00036,246-HID25,Prodotto 36 Surgelati,Pesce,ProLine,LT,44.97,10
PR00037,OWF-75935,Prodotto 37 Bevande,Surgelati,BioZ,LT,52.13,10
PR00038,A0L-7253J,Prodotto 38 Pesce,Latticini,BioZ,LT,53.01,22
PR00039,2D5-4I3QK,Prodotto 39 Igiene,Surgelati,MarcaA,LT,73.75,22
PR00040,2IA-GL58K,Prodotto 40 Attrezzature,Surgelati,MarcaB,LT,113.2,10
PR00041,XO9-T7E8G,Prodotto 41 Panetteria,Surgelati,MarcaC,KG,29.26,10
PR00042,8JD-P0LVS,Prodotto 42 Pulizia,Igiene,MarcaA,PZ,15.02,10
PR00043,NUJ-ZA7TZ,Prodotto 43 Dispensa,Igiene,EconomyY,PZ,24.1,10
PR00044,0YN-CXLL4,Prodotto 44 Panetteria,Pesce,MarcaA,CT,106.49,4
PR00045,ZKL-OOKEP,Prodotto 45 Dolci,Bevande,BioZ,KG,77.67,10
PR00046,7Y6-WKTAK,Prodotto 46 Ortofrutta,Surgelati,MarcaB,LT,34.67,10
PR00047,PUX-QPHR6,Prodotto 47 Bevande,Dolci,PremiumX,PZ,98.01,22
PR00048,2GD-SWM31,Prodotto 48 Bevande,Bevande,MarcaA,PZ,103.43,10
PR00049,YIH-AIR4C,Prodotto 49 Igiene,Pesce,ProLine,PZ,101.66,10
PR00050,OWG-ZRIXA,Prodotto 50 Ortofrutta,Ortofrutta,MarcaA,KG,110.31,10
PR00051,11D-PG8SB,Prodotto 51 Attrezzature,Bevande,EconomyY,PZ,30.64,10
PR00052,I4Q-2Y9V8,Prodotto 52 Latticini,Bevande,EconomyY,PZ,90.73,10
PR00053,6WZ-S3T60,Prodotto 53 Carni,Panetteria,MarcaC,PZ,55.53,10
PR00054,RJI-W1SWJ,Prodotto 54 Pesce,Carni,EconomyY,PZ,101.12,10
PR00055,CKJ-LTEIY,Prodotto 55 Bevande,Attrezzature,MarcaD,KG,87.55,10
PR00056,ZCO-TOHP6,Prodotto 56 Surgelati,Panetteria,MarcaB,PZ,93.29,22
PR00057,VZ4-1NAM1,Prodotto 57 Bevande,Latticini,MarcaB,LT,78.91,22
PR00058,48P-0TVHH,Prodotto 58 Panetteria,Igiene,PremiumX,PZ,21.7,10
PR00059,PBM-YOFQE,Prodotto 59 Bevande,Igiene,PremiumX,PZ,65.63,10
PR00060,WAO-UAXEQ,Prodotto 60 Pulizia,Carni,MarcaB,PZ,118.17,10
PR00061,BNH-L1N13,Prodotto 61 Bevande,Dispensa,ProLine,PZ,112.52,10
PR00062,JCA-T9MX2,Prodotto 62 Carni,Dispensa,PremiumX,PZ,5.66,10
PR00063,X18-HAFEY,Prodotto 63 Carni,Pesce,MarcaC,PZ,20.2,4
PR00064,UHZ-1GV0E,Prodotto 64 Attrezzature,Pulizia,EconomyY,KG,16.24,10
PR00065,38D-ALY8O,Prodotto 65 Dispensa,Carni,MarcaB,PZ,87.25,10
PR00066,ZCY-WD14V,Prodotto 66 Latticini,Attrezzature,BioZ,KG,98.23,10
PR00067,E92-MPNSM,Prodotto 67 Surgelati,Bevande,PremiumX,LT,26.01,22
PR00068,43D-8W3ZP,Prodotto 68 Bevande,Dispensa,MarcaB,LT,60.95,22
PR00069,08J-3TRP0,Prodotto 69 Bevande,Attrezzature,MarcaD,PZ,100.96,10
PR00070,J43-D5IQV,Prodotto 70 Pesce,Surgelati,MarcaA,PZ,88.07,10
PR00071,NB4-GH2M5,Prodotto 71 Carni,Pulizia,EconomyY,PZ,65.3,22
PR00072,ZJA-8DZR1,Prodotto 72 Surgelati,Dolci,MarcaB,PZ,71.05,10
PR00073,YXR-2DHYL,Prodotto 73 Attrezzature,Bevande,MarcaA,CT,61.25,22
PR00074,URT-P0LZJ,Prodotto 74 Igiene,Latticini,PremiumX,PZ,36.06,10
PR00075,JEG-ET1GH,Prodotto 75 Dispensa,Surgelati,MarcaA,PZ,68.02,22
PR00076,R09-SKDGI,Prodotto 76 Latticini,Surgelati,EconomyY,KG,82.82,10
PR00077,GAT-J9TZE,Prodotto 77 Ortofrutta,Carni,MarcaB,KG,104.86,22
PR00078,5R5-UQPGB,Prodotto 78 Latticini,Pulizia,MarcaD,KG,76.54,22
PR00079,7R3-OCWBF,Prodotto 79 Pulizia,Pesce,ProLine,PZ,91.45,10
PR00080,UK9-E1V2I,Prodotto 80 Panetteria,Latticini,PremiumX,PZ,19.63,10
PR00081,SQP-49KWV,Prodotto 81 Pulizia,Dispensa,MarcaB,PZ,55.66,22
PR00082,08H-HXFGC,Prodotto 82 Bevande,Attrezzature,EconomyY,PZ,1.62,10
PR00083,AQV-KIZZQ,Prodotto 83 Dispensa,Carni,PremiumX,PZ,29.98,22
PR00084,Y72-WX7PT,Prodotto 84 Panetteria,Dispensa,MarcaC,PZ,87.31,10
PR00085,X63-CFL0U,Prodotto 85 Surgelati,Carni,MarcaA,PZ,119.02,10
PR00086,KEY-Z7SRC,Prodotto 86 Ortofrutta,Carni,ProLine,PZ,12.35,10
PR00087,BPL-JD84U,Prodotto 87 Carni,Carni,EconomyY,PZ,48.48,10
PR00088,89Y-JB1QX,Prodotto 88 Dispensa,Pulizia,MarcaC,KG,96.11,22
PR00089,6GV-WRDML,Prodotto 89 Dispensa,Pesce,BioZ,KG,24.88,10
PR00090,Y4L-YK83T,Prodotto 90 Pulizia,Carni,MarcaB,LT,66.83,10
PR00091,QLL-8OS9X,Prodotto 91 Bevande,Ortofrutta,MarcaD,PZ,88.1,10
PR00092,TOG-N1W1H,Prodotto 92 Dolci,Dolci,PremiumX,PZ,74.11,10
PR00093,T7P-ZE9VI,Prodotto 93 Attrezzature,Dispensa,MarcaA,PZ,22.97,22
PR00094,FTT-D96QE,Prodotto 94 Pulizia,Bevande,PremiumX,KG,42.97,22
PR00095,3RZ-SJ49I,Prodotto 95 Dispensa,Panetteria,ProLine,KG,94.16,10
PR00096,TN7-S55J2,Prodotto 96 Pesce,Attrezzature,MarcaB,PZ,66.73,22
PR00097,O7S-3KKV9,Prodotto 97 Ortofrutta,Latticini,PremiumX,CT,1.12,22
PR00098,RFT-MTTQL,Prodotto 98 Attrezzature,Igiene,MarcaA,PZ,91.44,10
PR00099,GZU-I1B0Z,Prodotto 99 Pulizia,Pesce,MarcaB,PZ,4.72,22
PR00100,3NX-39RBS,Prodotto 100 Ortofrutta,Bevande,PremiumX,KG,89.62,10
PR00101,V55-PSQ0O,Prodotto 101 Pesce,Surgelati,MarcaD,LT,24.7,10
PR00102,XFQ-8MYX4,Prodotto 102 Igiene,Ortofrutta,EconomyY,KG,114.99,22
PR00103,44N-LZ15B,Prodotto 103 Pesce,Igiene,MarcaB,LT,44.47,10
PR00104,CW7-90PDW,Prodotto 104 Pesce,Panetteria,EconomyY,PZ,39.57,22
PR00105,5PY-6B2KN,Prodotto 105 Ortofrutta,Bevande,BioZ,LT,18.29,22
PR00106,FTU-2GC5W,Prodotto 106 Latticini,Igiene,MarcaB,PZ,37.02,4
PR00107,I6F-QJJA2,Prodotto 107 Ortofrutta,Bevande,MarcaD,LT,105.26,22
PR00108,6YF-PMVXP,Prodotto 108 Dolci,Attrezzature,EconomyY,PZ,119.56,10
PR00109,J4H-NRIUU,Prodotto 109 Bevande,Ortofrutta,MarcaC,LT,44.51,10
PR00110,9K9-XJUY0,Prodotto 110 Panetteria,Panetteria,MarcaA,PZ,54.11,10
PR00111,BVR-6K2VM,Prodotto 111 Latticini,Surgelati,MarcaC,KG,86.79,22
PR00112,WWY-ZX4W6,Prodotto 112 Carni,Carni,PremiumX,PZ,106.4,4
PR00113,XLP-U0DK0,Prodotto 113 Panetteria,Dispensa,MarcaD,KG,71.37,10
PR00114,GET-8T63J,Prodotto 114 Bevande,Surgelati,MarcaC,PZ,47.29,10
PR00115,3R3-0ME8F,Prodotto 115 Pulizia,Carni,MarcaB,PZ,49.81,10
PR00116,840-982N2,Prodotto 116 Attrezzature,Pulizia,PremiumX,PZ,83.63,10
PR00117,ATQ-YYV37,Prodotto 117 Dolci,Pulizia,PremiumX,PZ,0.88,10
PR00118,DIA-5U6HC,Prodotto 118 Dolci,Pulizia,MarcaC,LT,74.54,10
PR00119,36K-OF8KR,Prodotto 119 Carni,Pesce,BioZ,PZ,42.98,10
PR00120,D5E-QY08P,Prodotto 120 Latticini,Dolci,MarcaC,CT,95.41,22
PR00121,0FO-DRO8B,Prodotto 121 Igiene,Latticini,BioZ,PZ,11.61,10
PR00122,NP8-4DYT9,Prodotto 122 Pesce,Latticini,MarcaD,PZ,70.79,10
PR00123,MOG-E4QXX,Prodotto 123 Latticini,Pulizia,MarcaA,LT,57.98,22
PR00124,VA2-IEUC1,Prodotto 124 Attrezzature,Dispensa,MarcaC,KG,77.26,4
PR00125,HH5-LF6A4,Prodotto 125 Igiene,Panetteria,ProLine,PZ,8.25,22
PR00126,FEJ-GXAA2,Prodotto 126 Dolci,Ortofrutta,BioZ,KG,69.81,10
PR00127,ILG-B0S0R,Prodotto 127 Ortofrutta,Panetteria,MarcaC,KG,67.6,22
PR00128,2SD-S8B25,Prodotto 128 Attrezzature,Ortofrutta,EconomyY,PZ,67.5,10
PR00129,SQ8-CROYR,Prodotto 129 Bevande,Panetteria,MarcaB,CT,72.62,4
PR00130,6CC-VCJWT,Prodotto 130 Carni,Dolci,ProLine,CT,81.34,10
PR00131,L9T-QVDZ4,Prodotto 131 Bevande,Pesce,ProLine,KG,96.7,22
PR00132,X1Z-HQIMQ,Prodotto 132 Attrezzature,Pesce,BioZ,PZ,32.74,10
PR00133,ODP-XNF7C,Prodotto 133 Surgelati,Pulizia,EconomyY,KG,99.09,10
PR00134,3DD-03UVU,Prodotto 134 Surgelati,Carni,EconomyY,PZ,60.04,22
PR00135,LEM-X15Z8,Prodotto 135 Pulizia,Igiene,PremiumX,PZ,9.71,22
PR00136,VMU-HXID4,Prodotto 136 Latticini,Pesce,BioZ,PZ,7.5,10
PR00137,N1U-3493W,Prodotto 137 Dolci,Pesce,MarcaA,PZ,40.44,22
PR00138,XA7-3JGZL,Prodotto 138 Dolci,Surgelati,MarcaB,LT,94.3,22
PR00139,MA5-UOFWB,Prodotto 139 Pesce,Surgelati,MarcaD,KG,85.07,10
PR00140,0HP-MNZ1U,Prodotto 140 Pesce,Carni,ProLine,KG,94.74,4
PR00141,DBF-WYJXR,Prodotto 141 Pesce,Attrezzature,MarcaD,PZ,62.31,10
PR00142,PJ1-EPKYR,Prodotto 142 Ortofrutta,Igiene,MarcaC,PZ,53.1,4
PR00143,YBO-VAKHE,Prodotto 143 Panetteria,Dispensa,MarcaC,PZ,18.12,10
PR00144,JLA-0GNZS,Prodotto 144 Dispensa,Surgelati,MarcaD,CT,39.72,10
PR00145,43C-5BA75,Prodotto 145 Panetteria,Dispensa,MarcaC,PZ,52.37,4
PR00146,UUZ-PEAL2,Prodotto 146 Bevande,Bevande,MarcaA,LT,11.09,10
PR00147,W37-D4IVS,Prodotto 147 Panetteria,Surgelati,EconomyY,KG,26.86,10
PR00148,OLM-LGSES,Prodotto 148 Ortofrutta,Dolci,MarcaC,PZ,71.99,22
PR00149,6M0-33IFH,Prodotto 149 Pulizia,Attrezzature,PremiumX,KG,88.41,22
PR00150,V1X-G1R11,Prodotto 150 Bevande,Igiene,MarcaC,PZ,119.8,4
PR00151,Q7U-WW5WF,Prodotto 151 Panetteria,Carni,MarcaB,LT,112.01,22
PR00152,CPK-JCSLQ,Prodotto 152 Ortofrutta,Bevande,MarcaA,CT,77.29,10
PR00153,C3C-54WSQ,Prodotto 153 Dispensa,Igiene,MarcaB,PZ,50.84,10
PR00154,T26-Q3XLR,Prodotto 154 Panetteria,Pulizia,MarcaB,PZ,76.52,4
PR00155,FCD-6MZSG,Prodotto 155 Ortofrutta,Dolci,PremiumX,KG,94.39,10
PR00156,IPP-SFNKO,Prodotto 156 Pesce,Igiene,MarcaA,CT,14.64,22
PR00157,MV2-XCDYK,Prodotto 157 Dolci,Dolci,MarcaA,PZ,49.48,10
PR00158,0X6-5MUFM,Prodotto 158 Pesce,Dolci,BioZ,KG,100.86,4
PR00159,8ZO-V7LN2,Prodotto 159 Dolci,Dispensa,MarcaA,KG,46.37,4
PR00160,3Y3-0YSXP,Prodotto 160 Carni,Panetteria,MarcaA,KG,68.84,10
PR00161,NNG-H8RIE,Prodotto 161 Carni,Pulizia,MarcaA,PZ,70.74,10
PR00162,C4D-145BM,Prodotto 162 Carni,Bevande,PremiumX,KG,22.54,10
PR00163,1EN-F313F,Prodotto 163 Dispensa,Igiene,MarcaC,CT,43.79,10
PR00164,POY-IPK0Q,Prodotto 164 Pesce,Ortofrutta,BioZ,PZ,40.47,22
PR00165,TL3-Q4N89,Prodotto 165 Dolci,Bevande,MarcaB,PZ,3.63,22
PR00166,QKN-S832E,Prodotto 166 Ortofrutta,Panetteria,MarcaA,CT,3.39,10
PR00167,JX5-TD44K,Prodotto 167 Bevande,Bevande,ProLine,PZ,99.89,22
PR00168,1J6-FP8HQ,Prodotto 168 Ortofrutta,Pesce,MarcaC,LT,33.13,10
PR00169,MAB-SI9NB,Prodotto 169 Bevande,Ortofrutta,MarcaC,PZ,62.41,10
PR00170,74X-2EK3Z,Prodotto 170 Surgelati,Panetteria,MarcaB,PZ,36.2,10
PR00171,EZQ-ACJ4T,Prodotto 171 Ortofrutta,Dispensa,PremiumX,LT,112.91,10
PR00172,0SE-KKBP2,Prodotto 172 Panetteria,Igiene,MarcaD,PZ,31.49,22
PR00173,QD6-VASIF,Prodotto 173 Panetteria,Attrezzature,MarcaD,PZ,51.84,10
PR00174,PWI-OXD9C,Prodotto 174 Latticini,Latticini,MarcaC,PZ,104.79,10
PR00175,SS9-TOQW9,Prodotto 175 Pesce,Panetteria,EconomyY,KG,101.11,10
PR00176,JA2-M0W10,Prodotto 176 Bevande,Carni,EconomyY,PZ,22.74,10
PR00177,LBT-3G2QZ,Prodotto 177 Bevande,Igiene,MarcaB,PZ,96.42,22
PR00178,W3C-1QKBH,Prodotto 178 Attrezzature,Pulizia,MarcaD,CT,55.25,10
PR00179,B7S-9TJ1G,Prodotto 179 Pulizia,Panetteria,MarcaC,PZ,58.21,10
PR00180,M25-LEN60,Prodotto 180 Pesce,Pesce,PremiumX,KG,16.45,10
PR00181,6N9-RR7S2,Prodotto 181 Dispensa,Latticini,MarcaD,PZ,10.13,10
PR00182,0CV-3TLCX,Prodotto 182 Latticini,Pesce,MarcaC,LT,87.49,4
PR00183,LVP-YMB5M,Prodotto 183 Dispensa,Latticini,MarcaC,PZ,59.83,10
PR00184,9J9-8CWN2,Prodotto 184 Dispensa,Pulizia,MarcaA,CT,52.7,10
PR00185,Y8F-V2BC2,Prodotto 185 Dispensa,Attrezzature,PremiumX,PZ,87.68,10
PR00186,NNU-VY8N1,Prodotto 186 Pesce,Carni,MarcaA,PZ,91.98,22
PR00187,UTO-XIE0R,Prodotto 187 Dispensa,Igiene,MarcaB,PZ,19.49,22
PR00188,NUJ-JQ9K6,Prodotto 188 Panetteria,Dispensa,MarcaA,PZ,73.42,10
PR00189,RE4-Q6QDY,Prodotto 189 Pulizia,Pesce,ProLine,PZ,16.67,10
PR00190,4LM-CT64Z,Prodotto 190 Pulizia,Pesce,MarcaA,PZ,90.29,10
PR00191,7W2-SEHE2,Prodotto 191 Carni,Dolci,ProLine,LT,79.01,22
PR00192,ATN-2TWDL,Prodotto 192 Surgelati,Latticini,MarcaD,PZ,114.82,10
PR00193,9ZS-13C9X,Prodotto 193 Bevande,Surgelati,EconomyY,PZ,8.74,10
PR00194,QYM-52XG8,Prodotto 194 Attrezzature,Attrezzature,BioZ,KG,7.32,10
PR00195,P6B-EFFLZ,Prodotto 195 Bevande,Igiene,BioZ,KG,34.22,10
PR00196,M76-4JWTE,Prodotto 196 Surgelati,Latticini,MarcaC,PZ,31.77,10
PR00197,KTS-G7FXZ,Prodotto 197 Attrezzature,Dolci,BioZ,PZ,30.01,4
PR00198,V4U-3BBXU,Prodotto 198 Pesce,Bevande,ProLine,PZ,108.8,10
PR00199,X1O-XRWK8,Prodotto 199 Ortofrutta,Latticini,PremiumX,KG,30.32,10
PR00200,R2Y-KCCPR,Prodotto 200 Pesce,Dispensa,MarcaA,KG,33.0,4
PR00201,HVL-Z049E,Prodotto 201 Bevande,Igiene,ProLine,PZ,91.25,10
PR00202,NUL-QJIDK,Prodotto 202 Bevande,Attrezzature,PremiumX,LT,54.24,4
PR00203,NWI-5FLUL,Prodotto 203 Attrezzature,Dolci,EconomyY,LT,93.32,10
PR00204,1RS-RLA8S,Prodotto 204 Attrezzature,Bevande,BioZ,KG,8.31,10
PR00205,8HM-BR5XQ,Prodotto 205 Surgelati,Ortofrutta,EconomyY,LT,58.76,4
PR00206,T4P-501NO,Prodotto 206 Dispensa,Dolci,BioZ,PZ,4.52,22
PR00207,UHT-CS1K9,Prodotto 207 Pesce,Ortofrutta,MarcaA,PZ,7.99,4
PR00208,YE9-O2M71,Prodotto 208 Attrezzature,Igiene,MarcaB,PZ,108.82,10
PR00209,HSS-BELRQ,Prodotto 209 Dolci,Pesce,MarcaA,PZ,17.14,10
PR00210,VSL-WF90K,Prodotto 210 Surgelati,Dolci,MarcaD,PZ,64.12,10
PR00211,M3T-ZK3NY,Prodotto 211 Panetteria,Carni,ProLine,CT,49.63,10
PR00212,9V2-0YAR8,Prodotto 212 Bevande,Ortofrutta,MarcaC,PZ,42.01,10
PR00213,21U-ZVGWW,Prodotto 213 Surgelati,Dispensa,MarcaB,PZ,108.03,10
PR00214,4FY-B8DAL,Prodotto 214 Pesce,Carni,MarcaA,PZ,3.11,22
PR00215,FYO-1750C,Prodotto 215 Attrezzature,Panetteria,PremiumX,CT,79.82,10
PR00216,EHL-XSLG6,Prodotto 216 Bevande,Panetteria,MarcaB,PZ,115.63,22
PR00217,MM1-ZXYVG,Prodotto 217 Ortofrutta,Bevande,ProLine,PZ,67.44,22
PR00218,IUI-9KKHZ,Prodotto 218 Surgelati,Attrezzature,BioZ,PZ,112.45,10
PR00219,LM7-2JEYN,Prodotto 219 Latticini,Pesce,MarcaB,PZ,6.74,22
PR00220,938-2KKZM,Prodotto 220 Bevande,Igiene,BioZ,CT,50.55,10
PR00221,PJR-HT7ZE,Prodotto 221 Pesce,Dolci,ProLine,CT,31.59,22
PR00222,WVI-YTWBO,Prodotto 222 Carni,Surgelati,MarcaA,PZ,87.83,4
PR00223,ZD1-AT7O7,Prodotto 223 Dolci,Dispensa,ProLine,CT,117.77,10
PR00224,5RH-8LX6D,Prodotto 224 Igiene,Ortofrutta,MarcaB,KG,31.16,10
PR00225,UT0-76G5G,Prodotto 225 Dispensa,Igiene,PremiumX,LT,78.67,10
PR00226,79O-R7875,Prodotto 226 Igiene,Carni,EconomyY,PZ,24.17,10
PR00227,AUD-9K9TR,Prodotto 227 Pesce,Pulizia,MarcaB,PZ,68.06,10
PR00228,74Q-GEFQJ,Prodotto 228 Panetteria,Panetteria,ProLine,PZ,55.94,4
PR00229,G02-U1G46,Prodotto 229 Panetteria,Pulizia,EconomyY,KG,116.65,10
PR00230,3SD-YGFLI,Prodotto 230 Carni,Dispensa,ProLine,PZ,73.22,10
PR00231,JI1-8K0AX,Prodotto 231 Dispensa,Surgelati,PremiumX,PZ,42.27,10
PR00232,YCE-LOS6Z,Prodotto 232 Latticini,Dolci,ProLine,PZ,14.13,22
PR00233,LE6-KWHEF,Prodotto 233 Carni,Bevande,MarcaA,KG,18.57,22
PR00234,0VO-TQTXH,Prodotto 234 Pulizia,Surgelati,MarcaC,PZ,27.43,22
PR00235,I15-CQZCU,Prodotto 235 Igiene,Dispensa,BioZ,KG,30.49,10
PR00236,CTS-UFLSE,Prodotto 236 Carni,Surgelati,BioZ,CT,102.15,10
PR00237,HUD-S3QSQ,Prodotto 237 Igiene,Dispensa,MarcaB,PZ,67.57,10
PR00238,CQ3-0O30U,Prodotto 238 Bevande,Dispensa,MarcaC,KG,63.05,22
PR00239,BMC-97C7B,Prodotto 239 Panetteria,Latticini,ProLine,PZ,14.21,10
PR00240,O11-9XP9N,Prodotto 240 Bevande,Ortofrutta,PremiumX,LT,103.29,4
PR00241,56N-YXTXM,Prodotto 241 Dolci,Pulizia,MarcaB,PZ,86.88,10
PR00242,GTT-0IAAK,Prodotto 242 Pulizia,Panetteria,ProLine,KG,8.59,22
PR00243,YTT-3IMJ7,Prodotto 243 Dispensa,Latticini,EconomyY,LT,85.09,10
PR00244,0E3-P15AH,Prodotto 244 Latticini,Dolci,MarcaD,CT,65.45,10
PR00245,DBV-ZB0OI,Prodotto 245 Igiene,Latticini,ProLine,KG,10.27,10
PR00246,H5C-SK30L,Prodotto 246 Latticini,Pesce,MarcaC,PZ,55.27,10
PR00247,VYL-KFXHK,Prodotto 247 Igiene,Pesce,MarcaB,KG,58.42,10
PR00248,C85-6WPR9,Prodotto 248 Pesce,Panetteria,MarcaC,LT,20.31,10
PR00249,7Y2-LOFN1,Prodotto 249 Carni,Surgelati,MarcaB,KG,113.51,4
PR00250,R4K-Z36U8,Prodotto 250 Dolci,Ortofrutta,ProLine,PZ,102.07,22
PR00251,UEI-HX74D,Prodotto 251 Panetteria,Panetteria,MarcaA,CT,80.45,10
PR00252,0GJ-YV5G1,Prodotto 252 Attrezzature,Dispensa,EconomyY,KG,55.74,22
PR00253,0UR-5L8A7,Prodotto 253 Igiene,Carni,ProLine,KG,49.71,22
PR00254,8E9-RIVH6,Prodotto 254 Latticini,Ortofrutta,BioZ,PZ,78.29,10
PR00255,T1N-TMJSR,Prodotto 255 Dolci,Attrezzature,MarcaC,KG,65.68,10
PR00256,D9Q-46NOU,Prodotto 256 Ortofrutta,Pulizia,MarcaD,PZ,7.94,10
PR00257,HFJ-7UPFL,Prodotto 257 Ortofrutta,Ortofrutta,MarcaD,KG,61.74,22
PR00258,N4R-XYJ38,Prodotto 258 Bevande,Dispensa,PremiumX,PZ,96.87,10
PR00259,XRG-2GZR7,Prodotto 259 Panetteria,Dispensa,MarcaB,KG,55.38,10
PR00260,TXC-B48Y1,Prodotto 260 Attrezzature,Bevande,MarcaC,CT,6.71,10
PR00261,O4I-ZASNW,Prodotto 261 Pesce,Panetteria,PremiumX,PZ,94.46,10
PR00262,YWR-RATAT,Prodotto 262 Latticini,Dispensa,MarcaC,CT,24.56,10
PR00263,J9A-3Y36D,Prodotto 263 Attrezzature,Pesce,BioZ,PZ,31.41,10
PR00264,DFG-S3JON,Prodotto 264 Carni,Dolci,MarcaB,LT,20.18,10
PR00265,OU9-IY4X4,Prodotto 265 Carni,Carni,ProLine,LT,39.96,10
PR00266,1DN-TCAGR,Prodotto 266 Latticini,Pulizia,ProLine,KG,90.93,10
PR00267,P2U-4DTBH,Prodotto 267 Dispensa,Panetteria,MarcaD,KG,62.57,10
PR00268,55R-BC76U,Prodotto 268 Pesce,Igiene,ProLine,LT,24.98,10
PR00269,B7L-8V1ZO,Prodotto 269 Dolci,Pesce,ProLine,PZ,105.4,10
PR00270,CFI-4O6L1,Prodotto 270 Igiene,Attrezzature,BioZ,PZ,105.61,22
PR00271,F90-S9BP4,Prodotto 271 Dispensa,Surgelati,MarcaA,KG,104.53,10
PR00272,M18-O1BJ9,Prodotto 272 Igiene,Dispensa,MarcaD,LT,29.04,10
PR00273,RM7-PYXDW,Prodotto 273 Igiene,Igiene,PremiumX,LT,54.42,4
PR00274,2ZC-FZW0L,Prodotto 274 Dispensa,Dispensa,EconomyY,LT,118.21,10
PR00275,DAL-MJEGQ,Prodotto 275 Bevande,Ortofrutta,MarcaA,PZ,92.76,10
PR00276,TOA-MDVLN,Prodotto 276 Ortofrutta,Pesce,PremiumX,LT,3.75,10
PR00277,KND-669UG,Prodotto 277 Igiene,Ortofrutta,MarcaB,PZ,8.29,22
PR00278,NEK-RCPPR,Prodotto 278 Dispensa,Bevande,MarcaA,PZ,55.94,4
PR00279,CJI-WVHDK,Prodotto 279 Dispensa,Ortofrutta,BioZ,PZ,109.15,10
PR00280,8LW-2LM34,Prodotto 280 Pulizia,Bevande,PremiumX,PZ,64.87,10
PR00281,9EL-8HL88,Prodotto 281 Attrezzature,Attrezzature,MarcaB,PZ,59.99,4
PR00282,KZR-UIN3O,Prodotto 282 Surgelati,Bevande,MarcaD,PZ,13.1,10
PR00283,EUV-TYT8Q,Prodotto 283 Bevande,Igiene,EconomyY,KG,78.99,10
PR00284,ZPK-Y32OR,Prodotto 284 Panetteria,Dispensa,MarcaB,PZ,98.74,10
PR00285,WIX-Z2C9R,Prodotto 285 Surgelati,Surgelati,ProLine,PZ,45.96,10
PR00286,OS7-YT2M6,Prodotto 286 Attrezzature,Pulizia,MarcaC,PZ,93.19,10
PR00287,TWD-1XMXB,Prodotto 287 Attrezzature,Ortofrutta,MarcaB,PZ,115.75,10
PR00288,9YO-18PAJ,Prodotto 288 Attrezzature,Pulizia,MarcaB,PZ,24.85,4
PR00289,SSU-UQO1V,Prodotto 289 Surgelati,Pesce,EconomyY,PZ,63.04,10
PR00290,SMA-DO8E7,Prodotto 290 Latticini,Bevande,MarcaC,KG,34.81,22
PR00291,FLQ-HRRPZ,Prodotto 291 Ortofrutta,Dispensa,ProLine,KG,95.25,10
PR00292,LK3-E4XYF,Prodotto 292 Dispensa,Carni,PremiumX,KG,69.52,10
PR00293,9IG-FU8IO,Prodotto 293 Ortofrutta,Panetteria,PremiumX,PZ,76.33,10
PR00294,GXP-BWHVN,Prodotto 294 Pesce,Igiene,MarcaB,PZ,95.85,22
PR00295,ZH1-3CD5G,Prodotto 295 Latticini,Surgelati,BioZ,LT,47.82,22
PR00296,LQJ-5SXVW,Prodotto 296 Panetteria,Latticini,BioZ,PZ,109.85,10
PR00297,VM4-W3ZKW,Prodotto 297 Ortofrutta,Igiene,MarcaC,PZ,64.2,22
PR00298,DEE-KGYSP,Prodotto 298 Carni,Attrezzature,MarcaC,PZ,19.38,10
PR00299,ENG-WYX9T,Prodotto 299 Attrezzature,Carni,ProLine,PZ,83.66,4
PR00300,RFL-QBMAE,Prodotto 300 Igiene,Panetteria,EconomyY,PZ,95.29,22
PR00301,38S-RYO4R,Prodotto 301 Pesce,Carni,MarcaD,PZ,38.35,22
PR00302,CB1-KJTGQ,Prodotto 302 Bevande,Ortofrutta,PremiumX,KG,102.93,10
PR00303,01T-EE13N,Prodotto 303 Panetteria,Bevande,EconomyY,PZ,108.78,10
PR00304,3BZ-T9D31,Prodotto 304 Pesce,Surgelati,MarcaA,KG,33.59,4
PR00305,K9Q-M3P91,Prodotto 305 Attrezzature,Dolci,PremiumX,LT,118.03,10
PR00306,I3V-MZWFF,Prodotto 306 Igiene,Bevande,EconomyY,LT,17.32,22
PR00307,HHC-MKTLZ,Prodotto 307 Latticini,Dolci,PremiumX,KG,24.64,10
PR00308,KJ4-9YD82,Prodotto 308 Igiene,Pulizia,MarcaD,CT,22.51,10
PR00309,795-E5IZ3,Prodotto 309 Surgelati,Panetteria,MarcaA,PZ,107.33,10
PR00310,1YR-UJOQW,Prodotto 310 Igiene,Dispensa,BioZ,PZ,78.69,4
PR00311,5DS-K7N8L,Prodotto 311 Surgelati,Latticini,BioZ,PZ,18.68,10
PR00312,A10-0QXMC,Prodotto 312 Latticini,Pesce,MarcaD,KG,53.12,10
PR00313,THP-HJ3MU,Prodotto 313 Dolci,Bevande,ProLine,LT,74.03,22
PR00314,URM-YBD2Q,Prodotto 314 Attrezzature,Surgelati,MarcaA,PZ,10.47,22
PR00315,E4P-A8HYE,Prodotto 315 Surgelati,Attrezzature,MarcaB,CT,105.95,4
PR00316,XF7-JXJN6,Prodotto 316 Bevande,Attrezzature,EconomyY,PZ,96.53,22
PR00317,FOK-ZIXZA,Prodotto 317 Igiene,Carni,MarcaA,CT,60.87,22
PR00318,REI-YAZ39,Prodotto 318 Igiene,Surgelati,ProLine,PZ,116.07,22
PR00319,PEC-N0DL5,Prodotto 319 Bevande,Panetteria,ProLine,PZ,50.42,10
PR00320,E11-E9FTA,Prodotto 320 Carni,Pulizia,MarcaD,PZ,118.1,10
PR00321,XP0-WFOY4,Prodotto 321 Dispensa,Dolci,PremiumX,PZ,80.32,10
PR00322,DD1-VN8LF,Prodotto 322 Dolci,Carni,MarcaA,PZ,76.34,4
PR00323,JDT-VV2Y4,Prodotto 323 Panetteria,Attrezzature,EconomyY,PZ,20.33,10
PR00324,XKS-S0KB6,Prodotto 324 Surgelati,Pesce,MarcaA,LT,105.89,10
PR00325,8RE-RVT99,Prodotto 325 Bevande,Pesce,MarcaC,PZ,51.59,10
PR00326,7E4-UNY18,Prodotto 326 Latticini,Bevande,PremiumX,PZ,19.89,10
PR00327,1AC-JBC2S,Prodotto 327 Surgelati,Panetteria,EconomyY,KG,2.01,10
PR00328,WSO-ZCTWJ,Prodotto 328 Dispensa,Dispensa,BioZ,KG,67.39,4
PR00329,LSH-3TOW4,Prodotto 329 Latticini,Attrezzature,EconomyY,PZ,63.52,22
PR00330,YCZ-04CDP,Prodotto 330 Pesce,Panetteria,MarcaB,PZ,86.46,22
PR00331,QVL-00EZZ,Prodotto 331 Attrezzature,Pulizia,MarcaD,PZ,106.89,22
PR00332,F8S-2ZGE2,Prodotto 332 Igiene,Dolci,MarcaB,PZ,9.99,22
PR00333,J51-B3JCZ,Prodotto 333 Pesce,Surgelati,EconomyY,KG,87.91,10
PR00334,UCQ-MRUNJ,Prodotto 334 Surgelati,Attrezzature,PremiumX,PZ,22.9,22
PR00335,DU0-ISB5I,Prodotto 335 Dispensa,Pesce,MarcaA,PZ,103.05,4
PR00336,QNF-74T60,Prodotto 336 Dolci,Surgelati,BioZ,KG,98.38,10
PR00337,PLO-ZJCNS,Prodotto 337 Attrezzature,Surgelati,MarcaA,PZ,65.12,10
PR00338,6G2-98CQK,Prodotto 338 Surgelati,Surgelati,PremiumX,KG,85.37,10
PR00339,4LT-AHUKW,Prodotto 339 Bevande,Pesce,EconomyY,PZ,38.06,10
PR00340,QVR-1H61I,Prodotto 340 Ortofrutta,Pulizia,ProLine,CT,56.8,10
PR00341,AOI-M458A,Prodotto 341 Surgelati,Igiene,MarcaA,PZ,98.69,22
PR00342,X40-DTIRC,Prodotto 342 Attrezzature,Ortofrutta,ProLine,LT,55.38,10
PR00343,9ZD-76SZN,Prodotto 343 Igiene,Dolci,MarcaA,KG,43.26,10
PR00344,9DD-E3CUP,Prodotto 344 Igiene,Igiene,MarcaA,PZ,59.56,22
PR00345,8IJ-L2Z0L,Prodotto 345 Surgelati,Dolci,BioZ,KG,99.48,10
PR00346,JCH-2VFFQ,Prodotto 346 Latticini,Carni,MarcaD,CT,40.56,10
PR00347,OT8-HLJEF,Prodotto 347 Ortofrutta,Panetteria,MarcaD,KG,21.26,10
PR00348,Y3Z-B4LDI,Prodotto 348 Bevande,Panetteria,MarcaC,LT,85.59,10
PR00349,MSY-J9BOQ,Prodotto 349 Surgelati,Latticini,MarcaB,LT,99.2,10
PR00350,0IQ-2FA39,Prodotto 350 Latticini,Panetteria,PremiumX,PZ,12.53,22
PR00351,E3N-WXUJ3,Prodotto 351 Igiene,Pesce,PremiumX,PZ,29.16,10
PR00352,AC6-PE63L,Prodotto 352 Igiene,Dispensa,PremiumX,KG,17.47,10
PR00353,BQG-U3OBY,Prodotto 353 Dispensa,Bevande,MarcaC,PZ,42.08,22
PR00354,GHG-K5BWI,Prodotto 354 Surgelati,Latticini,MarcaD,LT,54.32,10
PR00355,KOT-CKEH5,Prodotto 355 Ortofrutta,Bevande,EconomyY,CT,89.98,4
PR00356,SW2-292MT,Prodotto 356 Carni,Dolci,ProLine,PZ,78.31,10
PR00357,R6S-NGLH6,Prodotto 357 Ortofrutta,Bevande,BioZ,PZ,74.7,4
PR00358,2C9-T199D,Prodotto 358 Igiene,Bevande,ProLine,LT,42.61,10
PR00359,XJ3-7C9H4,Prodotto 359 Igiene,Latticini,EconomyY,PZ,101.05,10
PR00360,2M4-4GV3Z,Prodotto 360 Pesce,Carni,BioZ,LT,56.82,10
PR00361,6BZ-8UUG9,Prodotto 361 Igiene,Surgelati,MarcaC,PZ,117.5,22
PR00362,5RL-RDIHS,Prodotto 362 Bevande,Panetteria,EconomyY,KG,76.28,10
PR00363,A7H-EZ74L,Prodotto 363 Panetteria,Panetteria,PremiumX,PZ,15.59,10
PR00364,AV7-1448N,Prodotto 364 Surgelati,Pesce,MarcaB,KG,81.3,10
PR00365,7OD-KEF82,Prodotto 365 Ortofrutta,Latticini,MarcaA,PZ,39.35,10
PR00366,8XG-8Y72I,Prodotto 366 Panetteria,Pesce,ProLine,KG,82.52,4
PR00367,VGL-YE088,Prodotto 367 Latticini,Dispensa,MarcaD,PZ,8.82,10
PR00368,O98-BV78H,Prodotto 368 Carni,Dispensa,MarcaD,KG,21.4,22
PR00369,U7F-0I9G5,Prodotto 369 Bevande,Pesce,MarcaC,LT,102.76,10
PR00370,DZX-5QJIC,Prodotto 370 Attrezzature,Latticini,BioZ,PZ,27.65,10
PR00371,JDA-N085R,Prodotto 371 Pulizia,Pesce,MarcaD,PZ,100.53,10
PR00372,NTD-R5XYF,Prodotto 372 Ortofrutta,Panetteria,PremiumX,PZ,33.87,4
PR00373,C4K-L8CGN,Prodotto 373 Panetteria,Igiene,ProLine,KG,77.32,10
PR00374,0T6-DVWRB,Prodotto 374 Attrezzature,Ortofrutta,EconomyY,KG,83.45,10
PR00375,7F6-FDHGZ,Prodotto 375 Carni,Bevande,PremiumX,PZ,61.76,10
PR00376,Z0J-KIBU4,Prodotto 376 Pesce,Ortofrutta,MarcaC,PZ,36.98,4
PR00377,FMP-KXVHA,Prodotto 377 Attrezzature,Latticini,PremiumX,PZ,25.91,22
PR00378,GKC-4LORX,Prodotto 378 Bevande,Pulizia,EconomyY,KG,4.47,22
PR00379,DTG-5NQJQ,Prodotto 379 Bevande,Ortofrutta,MarcaB,PZ,36.82,22
PR00380,IJC-1YDMT,Prodotto 380 Pesce,Dispensa,MarcaC,CT,78.55,22
PR00381,8VT-43PT5,Prodotto 381 Pulizia,Dolci,MarcaB,PZ,112.63,10
PR00382,R5R-C6ZS6,Prodotto 382 Surgelati,Bevande,MarcaA,KG,104.61,22
PR00383,2YW-E1G98,Prodotto 383 Attrezzature,Surgelati,MarcaB,PZ,92.04,10
PR00384,3EP-9P9W4,Prodotto 384 Pesce,Pulizia,MarcaA,PZ,94.72,22
PR00385,J66-CNOLJ,Prodotto 385 Bevande,Latticini,MarcaA,KG,79.97,22
PR00386,Q52-WSPOF,Prodotto 386 Bevande,Bevande,MarcaB,KG,31.6,10
PR00387,V17-7UDKT,Prodotto 387 Panetteria,Ortofrutta,MarcaC,CT,108.91,22
PR00388,MON-RVBJF,Prodotto 388 Igiene,Dispensa,BioZ,PZ,80.65,10
PR00389,VYB-6LI07,Prodotto 389 Pulizia,Carni,EconomyY,PZ,67.47,10
PR00390,6A3-KKRZD,Prodotto 390 Attrezzature,Igiene,PremiumX,KG,13.76,10
PR00391,5E9-P3JPX,Prodotto 391 Attrezzature,Surgelati,PremiumX,KG,53.92,10
PR00392,GH3-0153S,Prodotto 392 Carni,Pulizia,EconomyY,PZ,55.51,4
PR00393,FLS-E45BG,Prodotto 393 Pesce,Igiene,ProLine,PZ,103.82,10
PR00394,34I-Q7ZJ3,Prodotto 394 Carni,Bevande,ProLine,PZ,65.82,22
PR00395,SWE-BNVG5,Prodotto 395 Pesce,Dispensa,MarcaA,LT,45.96,10
PR00396,VMF-60YKN,Prodotto 396 Latticini,Dispensa,MarcaA,PZ,117.23,22
PR00397,FU8-4XYJO,Prodotto 397 Bevande,Ortofrutta,MarcaC,PZ,13.73,22
PR00398,A21-A6XVA,Prodotto 398 Igiene,Panetteria,MarcaD,PZ,50.99,22
PR00399,J2K-8XPNM,Prodotto 399 Panetteria,Ortofrutta,MarcaB,PZ,5.52,22
PR00400,JQY-3ODSX,Prodotto 400 Igiene,Panetteria,MarcaA,PZ,88.92,10
PR00401,4NX-VKDC9,Prodotto 401 Igiene,Panetteria,PremiumX,PZ,110.21,22
PR00402,X5J-Z6KF1,Prodotto 402 Igiene,Surgelati,MarcaC,PZ,33.96,22
PR00403,622-VXYZX,Prodotto 403 Carni,Ortofrutta,MarcaB,LT,103.07,10
PR00404,9JP-NBZUG,Prodotto 404 Pesce,Attrezzature,MarcaC,PZ,35.42,10
PR00405,0IT-26YS4,Prodotto 405 Dolci,Carni,MarcaB,PZ,109.34,10
PR00406,45G-DEJ31,Prodotto 406 Latticini,Pulizia,MarcaB,LT,90.6,10
PR00407,GYM-DM0L2,Prodotto 407 Ortofrutta,Pesce,EconomyY,KG,96.69,10
PR00408,LJK-4Q5V7,Prodotto 408 Igiene,Pesce,MarcaA,PZ,2.65,10
PR00409,C6S-5NKB4,Prodotto 409 Surgelati,Ortofrutta,BioZ,PZ,115.56,10
PR00410,EHO-U6QLZ,Prodotto 410 Carni,Ortofrutta,MarcaC,PZ,87.34,10
PR00411,2RW-GWAJ1,Prodotto 411 Pulizia,Igiene,BioZ,KG,36.92,22
PR00412,G1R-1DWWO,Prodotto 412 Panetteria,Pulizia,MarcaC,CT,99.61,10
PR00413,8NB-HNAL3,Prodotto 413 Ortofrutta,Pulizia,EconomyY,KG,34.14,4
PR00414,GYW-IYMEN,Prodotto 414 Dolci,Surgelati,PremiumX,KG,104.79,4
PR00415,VG3-KK0VM,Prodotto 415 Surgelati,Ortofrutta,BioZ,KG,13.95,10
PR00416,59M-6MG87,Prodotto 416 Dolci,Pulizia,PremiumX,PZ,84.59,22
PR00417,OI0-E0VGN,Prodotto 417 Ortofrutta,Igiene,ProLine,PZ,65.11,10
PR00418,XB5-JTB9X,Prodotto 418 Igiene,Panetteria,MarcaA,KG,12.04,10
PR00419,XAY-PNTRF,Prodotto 419 Surgelati,Dispensa,MarcaA,CT,29.41,10
PR00420,ZWK-XXJVE,Prodotto 420 Dolci,Dispensa,MarcaD,PZ,1.98,10
PR00421,3DZ-EEDHH,Prodotto 421 Panetteria,Panetteria,EconomyY,KG,56.52,22
PR00422,JSH-ZKBRH,Prodotto 422 Pesce,Latticini,PremiumX,PZ,36.5,10
PR00423,7LA-Y64YF,Prodotto 423 Bevande,Igiene,MarcaB,PZ,72.0,4
PR00424,DS0-DJI9K,Prodotto 424 Pesce,Pulizia,MarcaC,PZ,36.02,10
PR00425,QDG-BK2L0,Prodotto 425 Ortofrutta,Attrezzature,MarcaA,PZ,36.34,4
PR00426,D1B-4XGMP,Prodotto 426 Carni,Igiene,BioZ,LT,89.31,10
PR00427,W5D-3GO8J,Prodotto 427 Bevande,Panetteria,MarcaC,PZ,6.25,10
PR00428,N42-X2EZC,Prodotto 428 Latticini,Carni,MarcaC,KG,108.4,10
PR00429,7FO-V2YGN,Prodotto 429 Panetteria,Dolci,MarcaD,LT,102.35,10
PR00430,MBY-49E7E,Prodotto 430 Latticini,Bevande,PremiumX,CT,80.3,10
PR00431,OBJ-LZY1U,Prodotto 431 Surgelati,Panetteria,MarcaA,PZ,71.39,22
PR00432,U9Y-MSZDX,Prodotto 432 Attrezzature,Attrezzature,MarcaC,PZ,107.13,22
PR00433,IMY-N4U9B,Prodotto 433 Bevande,Pulizia,MarcaA,PZ,22.65,4
PR00434,XF4-45CRI,Prodotto 434 Latticini,Attrezzature,MarcaB,CT,9.94,22
PR00435,8BI-XOIQ2,Prodotto 435 Latticini,Attrezzature,MarcaD,CT,29.12,10
PR00436,Q4Q-ERXDO,Prodotto 436 Dolci,Ortofrutta,MarcaB,PZ,95.45,10
PR00437,UAD-VWKSH,Prodotto 437 Pesce,Ortofrutta,MarcaA,LT,4.64,22
PR00438,Y8N-BIQUW,Prodotto 438 Dolci,Surgelati,ProLine,PZ,70.15,22
PR00439,RXZ-E1HM3,Prodotto 439 Bevande,Panetteria,BioZ,KG,119.45,22
PR00440,8KS-ZBFFZ,Prodotto 440 Bevande,Surgelati,MarcaA,PZ,102.76,10
PR00441,ZDV-G7OQ2,Prodotto 441 Ortofrutta,Panetteria,PremiumX,LT,62.81,10
PR00442,ZDO-74V1Q,Prodotto 442 Dolci,Igiene,MarcaC,PZ,8.11,22
PR00443,X8E-RTB74,Prodotto 443 Dispensa,Bevande,MarcaC,LT,99.85,10
PR00444,RS7-GU0EN,Prodotto 444 Pulizia,Attrezzature,MarcaB,LT,72.08,10
PR00445,V5S-N961J,Prodotto 445 Pesce,Igiene,BioZ,KG,14.23,10
PR00446,88Q-EOZ0K,Prodotto 446 Bevande,Dolci,MarcaD,PZ,11.72,10
PR00447,Z4Z-7WHWK,Prodotto 447 Ortofrutta,Dispensa,ProLine,PZ,109.2,10
PR00448,MY9-X8SYL,Prodotto 448 Attrezzature,Pesce,EconomyY,PZ,80.47,10
PR00449,EMR-UYP04,Prodotto 449 Dolci,Panetteria,BioZ,PZ,99.6,22
PR00450,K43-SAFYH,Prodotto 450 Pesce,Dolci,MarcaC,PZ,105.54,10
PR00451,1FK-J4YK1,Prodotto 451 Attrezzature,Dispensa,PremiumX,CT,68.83,10
PR00452,B3D-5050U,Prodotto 452 Dolci,Pulizia,BioZ,KG,62.33,10
PR00453,I22-KX7N8,Prodotto 453 Latticini,Latticini,MarcaB,PZ,51.94,4
PR00454,9LT-AJW25,Prodotto 454 Attrezzature,Bevande,MarcaB,PZ,38.38,4
PR00455,36Z-X1TV1,Prodotto 455 Ortofrutta,Surgelati,EconomyY,PZ,52.43,10
PR00456,8KG-YGGSN,Prodotto 456 Pesce,Surgelati,PremiumX,KG,92.98,22
PR00457,PUE-VJLZF,Prodotto 457 Igiene,Igiene,MarcaD,PZ,72.43,10
PR00458,FLB-7WXRU,Prodotto 458 Surgelati,Ortofrutta,BioZ,CT,107.16,22
PR00459,M2L-HGCSO,Prodotto 459 Surgelati,Dispensa,PremiumX,PZ,53.48,10
PR00460,TDH-HLMH1,Prodotto 460 Pesce,Latticini,MarcaD,CT,73.05,10
PR00461,T93-9AYQ6,Prodotto 461 Attrezzature,Dolci,PremiumX,LT,75.94,10
PR00462,WW8-YL68N,Prodotto 462 Dolci,Bevande,PremiumX,PZ,71.21,10
PR00463,TK6-3N2QB,Prodotto 463 Ortofrutta,Dispensa,MarcaA,CT,84.46,22
PR00464,6GS-8G8TA,Prodotto 464 Pulizia,Latticini,MarcaB,PZ,28.87,10
PR00465,CY1-5PDTZ,Prodotto 465 Surgelati,Pesce,BioZ,LT,61.73,10
PR00466,91X-70FQL,Prodotto 466 Ortofrutta,Panetteria,PremiumX,PZ,12.95,22
PR00467,DB2-UUIJN,Prodotto 467 Surgelati,Surgelati,BioZ,LT,46.45,22
PR00468,WPA-YTXW1,Prodotto 468 Latticini,Dolci,EconomyY,LT,58.78,22
PR00469,VZC-7D2KD,Prodotto 469 Dolci,Surgelati,PremiumX,LT,78.44,10
PR00470,1PO-XRTEO,Prodotto 470 Latticini,Dolci,MarcaC,LT,114.09,22
PR00471,2T8-FY620,Prodotto 471 Surgelati,Igiene,MarcaB,PZ,72.28,10
PR00472,N8T-TEAVT,Prodotto 472 Igiene,Ortofrutta,MarcaC,PZ,89.36,10
PR00473,8K0-6MOXS,Prodotto 473 Igiene,Dolci,BioZ,PZ,61.0,10
PR00474,FH4-GG244,Prodotto 474 Latticini,Surgelati,BioZ,PZ,76.28,10
PR00475,79Q-TKCD0,Prodotto 475 Igiene,Igiene,MarcaB,KG,8.98,10
PR00476,RLE-XDW6L,Prodotto 476 Surgelati,Dolci,BioZ,PZ,30.9,10
PR00477,QWL-VUNLP,Prodotto 477 Pesce,Pesce,MarcaC,CT,43.74,22
PR00478,AIH-0P4E0,Prodotto 478 Latticini,Ortofrutta,PremiumX,KG,56.96,10
PR00479,5QM-KTGV4,Prodotto 479 Pulizia,Dolci,PremiumX,LT,5.96,4
PR00480,4FT-J5CCA,Prodotto 480 Pulizia,Igiene,MarcaA,PZ,17.23,4
PR00481,SBU-OV6TT,Prodotto 481 Carni,Pulizia,EconomyY,LT,33.58,22
PR00482,9Q1-NI10K,Prodotto 482 Attrezzature,Dispensa,BioZ,CT,116.6,10
PR00483,QSO-SX43W,Prodotto 483 Dolci,Carni,MarcaC,PZ,40.1,10
PR00484,FSQ-G8X80,Prodotto 484 Igiene,Latticini,BioZ,KG,58.1,22
PR00485,RMH-RCNBH,Prodotto 485 Igiene,Carni,BioZ,LT,23.93,22
PR00486,6NQ-QB9LZ,Prodotto 486 Attrezzature,Pulizia,MarcaD,PZ,73.49,10
PR00487,S34-JTGXN,Prodotto 487 Bevande,Carni,MarcaA,PZ,34.04,10
PR00488,X4S-N6SM5,Prodotto 488 Dispensa,Pulizia,MarcaC,PZ,25.24,22
PR00489,RRV-SFFCX,Prodotto 489 Latticini,Bevande,MarcaC,PZ,62.23,10
PR00490,HGN-ZEI3Z,Prodotto 490 Panetteria,Pulizia,BioZ,PZ,1.16,10
PR00491,RRH-F4ABU,Prodotto 491 Igiene,Pulizia,MarcaA,PZ,1.42,22
PR00492,FWB-UCJG8,Prodotto 492 Dolci,Attrezzature,PremiumX,PZ,26.68,10
PR00493,VUA-ZXKDQ,Prodotto 493 Carni,Pulizia,MarcaC,PZ,4.89,10
PR00494,95G-3V23G,Prodotto 494 Pulizia,Pesce,PremiumX,CT,13.41,10
PR00495,XJ0-MQVIN,Prodotto 495 Igiene,Dispensa,MarcaA,PZ,40.99,4
PR00496,DH4-SPFDR,Prodotto 496 Carni,Panetteria,PremiumX,CT,96.41,10
PR00497,WB2-SEREV,Prodotto 497 Surgelati,Dolci,MarcaB,PZ,68.86,22
PR00498,361-XSNBT,Prodotto 498 Surgelati,Latticini,MarcaD,PZ,61.76,4
PR00499,I22-NV01Z,Prodotto 499 Dispensa,Ortofrutta,ProLine,PZ,35.57,10
PR00500,DER-I4K5O,Prodotto 500 Pesce,Dispensa,MarcaC,PZ,111.84,10
PR00501,GZ2-UEAXY,Prodotto 501 Panetteria,Surgelati,EconomyY,PZ,47.94,4
PR00502,LNF-XJ4PN,Prodotto 502 Bevande,Panetteria,MarcaD,KG,10.91,22
PR00503,JY1-O2RNT,Prodotto 503 Dispensa,Bevande,ProLine,PZ,74.24,10
PR00504,JLM-Z04X0,Prodotto 504 Ortofrutta,Bevande,PremiumX,KG,14.1,10
PR00505,QZF-HOMTZ,Prodotto 505 Bevande,Pulizia,MarcaC,KG,41.75,10
PR00506,ZF8-ADF7P,Prodotto 506 Latticini,Dispensa,PremiumX,PZ,61.14,10
PR00507,CHC-BN9WS,Prodotto 507 Dolci,Igiene,MarcaB,PZ,104.97,4
PR00508,ZV8-3XPHX,Prodotto 508 Ortofrutta,Attrezzature,MarcaA,LT,59.48,10
PR00509,2KB-VSIGB,Prodotto 509 Ortofrutta,Carni,MarcaC,PZ,84.42,22
PR00510,IAF-92MOV,Prodotto 510 Dispensa,Surgelati,ProLine,PZ,119.14,10
PR00511,S0C-DK36M,Prodotto 511 Attrezzature,Bevande,ProLine,CT,16.21,10
PR00512,8JV-H7UJO,Prodotto 512 Pesce,Latticini,MarcaB,PZ,33.33,10
PR00513,DCK-82853,Prodotto 513 Attrezzature,Bevande,MarcaB,KG,47.65,22
PR00514,UY8-U118Q,Prodotto 514 Dispensa,Ortofrutta,BioZ,CT,50.91,10
PR00515,QVA-ECW9Y,Prodotto 515 Latticini,Dolci,MarcaC,PZ,49.62,10
PR00516,IL8-SA3ID,Prodotto 516 Pulizia,Bevande,PremiumX,PZ,108.96,10
PR00517,Y3C-7RM6J,Prodotto 517 Igiene,Ortofrutta,EconomyY,PZ,85.83,10
PR00518,8Y6-RH05H,Prodotto 518 Igiene,Dispensa,ProLine,PZ,73.14,22
PR00519,HIW-FD7YX,Prodotto 519 Pesce,Dispensa,ProLine,PZ,37.47,10
PR00520,W1T-BRWR9,Prodotto 520 Latticini,Attrezzature,MarcaB,KG,98.94,10
PR00521,65R-96KHU,Prodotto 521 Pesce,Panetteria,MarcaD,PZ,114.63,22
PR00522,B2R-TSOYG,Prodotto 522 Carni,Bevande,MarcaB,PZ,98.63,22
PR00523,9ZQ-YAHUL,Prodotto 523 Attrezzature,Latticini,EconomyY,CT,0.69,22
PR00524,WJT-IQWNR,Prodotto 524 Igiene,Bevande,PremiumX,LT,76.55,22
PR00525,HZN-4KGEU,Prodotto 525 Ortofrutta,Latticini,PremiumX,KG,6.61,10
PR00526,IDJ-IPNF8,Prodotto 526 Attrezzature,Pesce,MarcaD,PZ,31.28,10
PR00527,F3G-R94SZ,Prodotto 527 Panetteria,Pulizia,ProLine,KG,7.61,10
PR00528,2KU-UOYC3,Prodotto 528 Dolci,Panetteria,MarcaB,PZ,72.65,4
PR00529,RWQ-MMU7J,Prodotto 529 Latticini,Pesce,BioZ,PZ,82.55,10
PR00530,AE5-8HUXG,Prodotto 530 Bevande,Bevande,PremiumX,PZ,14.18,10
PR00531,2MY-R06NK,Prodotto 531 Pesce,Panetteria,EconomyY,LT,46.37,10
PR00532,WFG-3MWU4,Prodotto 532 Attrezzature,Pesce,MarcaC,PZ,55.02,22
PR00533,CFI-LKJXJ,Prodotto 533 Dolci,Carni,MarcaA,PZ,44.6,10
PR00534,Q5N-V8OGA,Prodotto 534 Attrezzature,Bevande,MarcaA,PZ,14.96,22
PR00535,0X7-ZCGDC,Prodotto 535 Bevande,Pesce,MarcaA,PZ,50.56,4
PR00536,5TA-O1CJF,Prodotto 536 Dolci,Carni,BioZ,LT,90.27,10
PR00537,X5L-IKWE4,Prodotto 537 Panetteria,Carni,ProLine,KG,8.99,10
PR00538,BX4-LR9TJ,Prodotto 538 Bevande,Dispensa,MarcaB,LT,10.08,10
PR00539,Q8Z-GVWWU,Prodotto 539 Dispensa,Attrezzature,MarcaD,PZ,42.9,10
PR00540,SXL-MT2PN,Prodotto 540 Surgelati,Bevande,BioZ,PZ,113.04,22
PR00541,JKA-34MQA,Prodotto 541 Dispensa,Carni,BioZ,PZ,80.39,10
PR00542,78R-APKIA,Prodotto 542 Igiene,Dispensa,PremiumX,PZ,81.6,10
PR00543,NOU-OF0ON,Prodotto 543 Attrezzature,Pesce,MarcaC,PZ,43.75,10
PR00544,JPI-163YK,Prodotto 544 Surgelati,Ortofrutta,BioZ,LT,71.44,10
PR00545,03O-4GKWW,Prodotto 545 Dispensa,Bevande,EconomyY,PZ,1.71,22
PR00546,JWG-ABTGD,Prodotto 546 Surgelati,Panetteria,MarcaC,PZ,76.51,22
PR00547,JZ0-IFRML,Prodotto 547 Pulizia,Latticini,EconomyY,PZ,109.64,10
PR00548,29Q-2L48C,Prodotto 548 Attrezzature,Latticini,ProLine,PZ,73.7,10
PR00549,1CQ-G433E,Prodotto 549 Surgelati,Pesce,MarcaB,PZ,104.91,10
PR00550,1I1-P0BQ1,Prodotto 550 Ortofrutta,Igiene,MarcaA,CT,87.01,22
PR00551,S9R-YLLWB,Prodotto 551 Pesce,Igiene,BioZ,LT,14.91,10
PR00552,7SJ-WH55H,Prodotto 552 Pesce,Pesce,MarcaB,CT,108.34,10
PR00553,EWL-GJE2A,Prodotto 553 Ortofrutta,Carni,ProLine,PZ,8.44,22
PR00554,B2R-VNDFD,Prodotto 554 Dolci,Attrezzature,MarcaD,PZ,64.31,10
PR00555,W79-WCXZ2,Prodotto 555 Carni,Bevande,MarcaD,PZ,17.49,22
PR00556,EI9-212PG,Prodotto 556 Dolci,Latticini,ProLine,PZ,1.9,10
PR00557,YME-6RPKZ,Prodotto 557 Bevande,Latticini,EconomyY,LT,50.93,10
PR00558,GGM-0J36T,Prodotto 558 Bevande,Attrezzature,PremiumX,PZ,35.76,10
PR00559,CFK-JNAWN,Prodotto 559 Surgelati,Carni,PremiumX,PZ,58.58,22
PR00560,GA4-1IZXT,Prodotto 560 Dispensa,Latticini,EconomyY,PZ,69.48,22
PR00561,NSR-TWLXD,Prodotto 561 Dispensa,Panetteria,MarcaD,PZ,5.73,10
PR00562,SC4-E5HRD,Prodotto 562 Pesce,Bevande,MarcaD,KG,15.2,10
PR00563,U4X-SZJNV,Prodotto 563 Latticini,Dolci,BioZ,PZ,67.26,10
PR00564,C7H-R6C2C,Prodotto 564 Dolci,Latticini,MarcaD,PZ,41.51,22
PR00565,U7O-NZ3JB,Prodotto 565 Pulizia,Pesce,MarcaB,PZ,87.64,10
PR00566,CK8-8D0TG,Prodotto 566 Attrezzature,Panetteria,MarcaD,PZ,78.45,10
PR00567,SIW-G0ODW,Prodotto 567 Igiene,Latticini,MarcaC,LT,101.55,10
PR00568,MQX-5GGOM,Prodotto 568 Panetteria,Pulizia,BioZ,LT,83.25,22
PR00569,F9P-ML9LN,Prodotto 569 Dispensa,Panetteria,MarcaA,CT,51.88,10
PR00570,1P0-VUH17,Prodotto 570 Attrezzature,Dispensa,MarcaD,LT,80.92,10
PR00571,J8Q-O09VS,Prodotto 571 Panetteria,Dolci,EconomyY,PZ,33.41,4
PR00572,9KK-H4A3Y,Prodotto 572 Attrezzature,Surgelati,MarcaA,KG,37.1,22
PR00573,JTU-7FBME,Prodotto 573 Surgelati,Pesce,MarcaB,PZ,94.78,4
PR00574,NUI-3DO70,Prodotto 574 Panetteria,Pesce,EconomyY,PZ,53.85,10
PR00575,02G-3YU6V,Prodotto 575 Igiene,Bevande,MarcaA,LT,95.91,22
PR00576,K0U-CC1M3,Prodotto 576 Attrezzature,Attrezzature,EconomyY,PZ,98.78,10
PR00577,O55-IXVA1,Prodotto 577 Ortofrutta,Panetteria,MarcaB,CT,102.98,10
PR00578,NKB-TFSHB,Prodotto 578 Igiene,Carni,BioZ,PZ,110.04,10
PR00579,0OQ-VSHKO,Prodotto 579 Panetteria,Pesce,MarcaC,KG,52.0,22
PR00580,ECU-BODS1,Prodotto 580 Igiene,Panetteria,MarcaB,KG,38.6,10
PR00581,EEU-RXHW0,Prodotto 581 Attrezzature,Panetteria,MarcaB,LT,70.07,22
PR00582,IC1-L7DYP,Prodotto 582 Carni,Pulizia,EconomyY,KG,44.86,4
PR00583,MLV-AK9W9,Prodotto 583 Attrezzature,Ortofrutta,BioZ,KG,72.33,10
PR00584,PFB-3HN14,Prodotto 584 Attrezzature,Ortofrutta,ProLine,PZ,84.82,10
PR00585,EB8-753AY,Prodotto 585 Surgelati,Surgelati,PremiumX,PZ,82.76,22
PR00586,EQA-HTHSJ,Prodotto 586 Dolci,Dispensa,MarcaD,PZ,45.26,10
PR00587,R0F-ZAUXB,Prodotto 587 Ortofrutta,Surgelati,MarcaD,KG,20.44,22
PR00588,GK2-WBXAN,Prodotto 588 Pulizia,Latticini,MarcaC,PZ,51.95,10
PR00589,J4X-5A5XI,Prodotto 589 Dispensa,Carni,MarcaC,KG,17.54,10
PR00590,N9D-L5TGS,Prodotto 590 Bevande,Latticini,MarcaD,PZ,106.87,10
PR00591,Q7A-ITMOF,Prodotto 591 Dolci,Igiene,PremiumX,PZ,41.83,22
PR00592,MMW-I9S3W,Prodotto 592 Bevande,Latticini,MarcaD,KG,18.96,10
PR00593,563-BTKF6,Prodotto 593 Surgelati,Bevande,ProLine,PZ,3.54,10
PR00594,XDN-8WWII,Prodotto 594 Ortofrutta,Latticini,PremiumX,PZ,77.68,10
PR00595,F86-LTHET,Prodotto 595 Attrezzature,Surgelati,MarcaC,PZ,76.61,22
PR00596,25L-ZSE99,Prodotto 596 Pesce,Pesce,MarcaA,CT,41.2,10
PR00597,F77-LU8EL,Prodotto 597 Dispensa,Pesce,EconomyY,KG,9.07,22
PR00598,501-5OOP7,Prodotto 598 Carni,Ortofrutta,ProLine,PZ,49.45,10
PR00599,67J-2DG1W,Prodotto 599 Pesce,Attrezzature,ProLine,PZ,37.69,10
PR00600,JUI-IYMYR,Prodotto 600 Surgelati,Carni,BioZ,PZ,81.42,10
