ContactId,FirstName,LastName,Email,CustomerType,CreatedDate
CT000001,Matteo,Gallo,user1@example.it,B2B,2024-06-20
CT000002,Elena,Ferrari,user2@example.it,B2B,2024-02-14
CT000003,Anna,Ferrari,user3@example.it,B2B,2024-03-19
CT000004,Marco,Gallo,user4@example.it,B2C,2024-07-09
CT000005,Marco,Neri,user5@example.it,B2B,2025-02-27
CT000006,Elena,Bianchi,user6@example.it,B2B,2024-08-08
CT000007,Giulia,Neri,user7@example.it,B2B,2025-12-26
CT000008,Sara,Verdi,user8@example.it,B2C,2025-06-26
CT000009,Luca,Gallo,user9@example.it,B2B,2024-01-26
CT000010,Elena,Ferrari,user10@example.it,B2C,2025-09-17
CT000011,Matteo,Rossi,user11@example.it,B2C,2025-01-27
CT000012,Chiara,Verdi,user12@example.it,B2C,2025-06-05
CT000013,Marco,Ferrari,user13@example.it,B2C,2023-03-17
CT000014,Anna,Gallo,user14@example.it,B2B,2025-04-05
CT000015,Chiara,Romano,user15@example.it,B2B,2023-03-20
CT000016,Anna,Rossi,user16@example.it,B2B,2024-03-30
CT000017,Anna,Bianchi,user17@example.it,B2B,2023-01-28
CT000018,Davide,Romano,user18@example.it,B2C,2025-10-21
CT000019,Elena,Romano,user19@example.it,B2C,2025-11-04
CT000020,Matteo,Gallo,user20@example.it,B2C,2023-08-15
CT000021,Paolo,Verdi,user21@example.it,B2C,2025-04-12
CT000022,Chiara,Romano,user22@example.it,B2C,2025-07-06
CT000023,Paolo,Gallo,user23@example.it,B2C,2025-11-04
CT000024,Sara,Ferrari,user24@example.it,B2C,2025-08-14
CT000025,Chiara,Costa,user25@example.it,B2C,2024-01-13
CT000026,Sara,Neri,user26@example.it,B2B,2023-08-01
CT000027,Elena,Bianchi,user27@example.it,B2C,2023-03-20
CT000028,Sara,Gallo,user28@example.it,B2C,2023-01-08
CT000029,Marco,Neri,user29@example.it,B2C,2024-03-31
CT000030,Paolo,Bianchi,user30@example.it,B2B,2023-07-22
CT000031,Paolo,Rossi,user31@example.it,B2B,2025-11-04
CT000032,Marco,Gallo,user32@example.it,B2B,2024-02-29
CT000033,Giulia,Romano,user33@example.it,B2C,2025-10-01
CT000034,Marco,Romano,user34@example.it,B2C,2024-01-09
CT000035,Elena,Verdi,user35@example.it,B2C,2025-11-12
CT000036,Luca,Gallo,user36@example.it,B2C,2023-01-11
CT000037,Marco,Romano,user37@example.it,B2C,2023-09-11
CT000038,Sara,Gallo,user38@example.it,B2C,2024-09-25
CT000039,Chiara,Ferrari,user39@example.it,B2C,2025-05-27
CT000040,Anna,Rossi,user40@example.it,B2C,2024-11-21
CT000041,Matteo,Costa,user41@example.it,B2C,2024-05-02
CT000042,Marco,Bianchi,user42@example.it,B2B,2024-07-08
CT000043,Marco,Romano,user43@example.it,B2C,2024-12-21
CT000044,Paolo,Bianchi,user44@example.it,B2B,2025-05-22
CT000045,Paolo,Ferrari,user45@example.it,B2B,2024-03-03
CT000046,Matteo,Bianchi,user46@example.it,B2C,2024-06-20
CT000047,Chiara,Gallo,user47@example.it,B2C,2023-03-14
CT000048,Giulia,Costa,user48@example.it,B2C,2023-05-15
CT000049,Anna,Rossi,user49@example.it,B2C,2025-06-25
CT000050,Chiara,Romano,user50@example.it,B2B,2024-07-26
CT000051,Matteo,Romano,user51@example.it,B2C,2025-02-25
CT000052,Marco,Verdi,user52@example.it,B2B,2025-06-08
CT000053,Marco,Gallo,user53@example.it,B2B,2023-04-28
CT000054,Marco,Verdi,user54@example.it,B2C,2023-02-26
CT000055,Matteo,Ferrari,user55@example.it,B2C,2025-06-24
CT000056,Paolo,Gallo,user56@example.it,B2C,2024-01-07
CT000057,Sara,Romano,user57@example.it,B2B,2023-02-24
CT000058,Matteo,Rossi,user58@example.it,B2C,2025-03-19
CT000059,Davide,Romano,user59@example.it,B2C,2025-11-17
CT000060,Luca,Gallo,user60@example.it,B2C,2025-08-07
CT000061,Elena,Gallo,user61@example.it,B2C,2025-06-05
CT000062,Sara,Neri,user62@example.it,B2B,2025-01-27
CT000063,Davide,Gallo,user63@example.it,B2C,2024-02-22
CT000064,Elena,Rossi,user64@example.it,B2B,2024-12-03
CT000065,Matteo,Gallo,user65@example.it,B2B,2025-08-02
CT000066,Marco,Rossi,user66@example.it,B2B,2025-07-03
CT000067,Matteo,Verdi,user67@example.it,B2B,2023-07-20
CT000068,Davide,Romano,user68@example.it,B2B,2025-01-05
CT000069,Paolo,Ferrari,user69@example.it,B2C,2023-03-07
CT000070,Sara,Rossi,user70@example.it,B2C,2023-09-11
CT000071,Davide,Romano,user71@example.it,B2B,2024-08-29
CT000072,Paolo,Verdi,user72@example.it,B2C,2024-10-05
CT000073,Marco,Verdi,user73@example.it,B2C,2025-01-27
CT000074,Anna,Bianchi,user74@example.it,B2B,2024-12-23
CT000075,Sara,Bianchi,user75@example.it,B2C,2024-09-11
CT000076,Sara,Bianchi,user76@example.it,B2C,2023-09-29
CT000077,Marco,Romano,user77@example.it,B2C,2024-02-09
CT000078,Matteo,Bianchi,user78@example.it,B2C,2024-05-21
CT000079,Luca,Romano,user79@example.it,B2C,2024-05-20
CT000080,Marco,Verdi,user80@example.it,B2B,2024-04-27
CT000081,Giulia,Romano,user81@example.it,B2C,2024-04-10
CT000082,Luca,Bianchi,user82@example.it,B2C,2025-09-02
CT000083,Giulia,Verdi,user83@example.it,B2C,2023-08-06
CT000084,Luca,Romano,user84@example.it,B2C,2023-05-09
CT000085,Luca,Rossi,user85@example.it,B2B,2024-10-26
CT000086,Chiara,Neri,user86@example.it,B2B,2023-07-02
CT000087,Marco,Bianchi,user87@example.it,B2C,2023-06-05
CT000088,Sara,Costa,user88@example.it,B2B,2025-05-10
CT000089,Chiara,Ferrari,user89@example.it,B2B,2023-03-13
CT000090,Matteo,Rossi,user90@example.it,B2C,2025-06-05
CT000091,Luca,Rossi,user91@example.it,B2B,2023-04-26
CT000092,Giulia,Romano,user92@example.it,B2B,2024-08-25
CT000093,Luca,Ferrari,user93@example.it,B2B,2025-10-03
CT000094,Luca,Bianchi,user94@example.it,B2C,2024-08-22
CT000095,Luca,Costa,user95@example.it,B2C,2025-04-06
CT000096,Luca,Costa,user96@example.it,B2B,2023-04-08
CT000097,Luca,Romano,user97@example.it,B2C,2024-04-10
CT000098,Chiara,Rossi,user98@example.it,B2C,2025-11-26
CT000099,Paolo,Costa,user99@example.it,B2B,2023-04-19
CT000100,Davide,Neri,user100@example.it,B2B,2024-04-11
CT000101,Paolo,Rossi,user101@example.it,B2C,2025-07-31
CT000102,Anna,Bianchi,user102@example.it,B2C,2025-04-01
CT000103,Chiara,Gallo,user103@example.it,B2C,2024-09-16
CT000104,Luca,Costa,user104@example.it,B2B,2023-10-24
CT000105,Matteo,Neri,user105@example.it,B2C,2023-07-10
CT000106,Luca,Rossi,user106@example.it,B2B,2025-10-06
CT000107,Giulia,Verdi,user107@example.it,B2C,2023-05-20
CT000108,Chiara,Ferrari,user108@example.it,B2C,2025-01-16
CT000109,Elena,Gallo,user109@example.it,B2C,2024-05-09
CT000110,Luca,Romano,user110@example.it,B2C,2025-10-28
CT000111,Matteo,Bianchi,user111@example.it,B2C,2025-06-28
CT000112,Luca,Costa,user112@example.it,B2B,2024-07-01
CT000113,Marco,Gallo,user113@example.it,B2C,2024-05-29
CT000114,Matteo,Romano,user114@example.it,B2B,2025-01-28
CT000115,Elena,Ferrari,user115@example.it,B2C,2023-08-10
CT000116,Giulia,Verdi,user116@example.it,B2C,2025-02-13
CT000117,Matteo,Costa,user117@example.it,B2C,2024-01-20
CT000118,Anna,Romano,user118@example.it,B2C,2024-01-20
CT000119,Marco,Ferrari,user119@example.it,B2B,2024-02-22
CT000120,Sara,Verdi,user120@example.it,B2C,2023-08-09
CT000121,Matteo,Rossi,user121@example.it,B2C,2025-04-05
CT000122,Marco,Romano,user122@example.it,B2B,2024-01-11
CT000123,Elena,Gallo,user123@example.it,B2B,2024-03-29
CT000124,Luca,Ferrari,user124@example.it,B2B,2024-05-30
CT000125,Luca,Verdi,user125@example.it,B2C,2025-09-01
CT000126,Anna,Bianchi,user126@example.it,B2B,2024-11-13
CT000127,Chiara,Ferrari,user127@example.it,B2C,2025-02-06
CT000128,Elena,Bianchi,user128@example.it,B2C,2023-03-18
CT000129,Paolo,Ferrari,user129@example.it,B2B,2023-06-28
CT000130,Marco,Ferrari,user130@example.it,B2B,2025-01-13
CT000131,Giulia,Bianchi,user131@example.it,B2C,2024-01-22
CT000132,Paolo,Romano,user132@example.it,B2B,2023-01-18
CT000133,Davide,Ferrari,user133@example.it,B2C,2023-04-16
CT000134,Marco,Verdi,user134@example.it,B2C,2023-10-13
CT000135,Elena,Ferrari,user135@example.it,B2C,2023-10-23
CT000136,Paolo,Rossi,user136@example.it,B2C,2024-10-31
CT000137,Giulia,Bianchi,user137@example.it,B2B,2023-05-24
CT000138,Davide,Costa,user138@example.it,B2C,2023-06-17
CT000139,Davide,Rossi,user139@example.it,B2B,2025-07-26
CT000140,Paolo,Neri,user140@example.it,B2B,2024-02-17
CT000141,Giulia,Bianchi,user141@example.it,B2C,2025-04-29
CT000142,Sara,Gallo,user142@example.it,B2B,2025-08-27
CT000143,Sara,Romano,user143@example.it,B2B,2023-10-15
CT000144,Marco,Verdi,user144@example.it,B2B,2024-07-07
CT000145,Matteo,Gallo,user145@example.it,B2B,2025-12-31
CT000146,Sara,Neri,user146@example.it,B2C,2024-07-24
CT000147,Sara,Romano,user147@example.it,B2B,2024-05-20
CT000148,Chiara,Romano,user148@example.it,B2B,2023-01-12
CT000149,Chiara,Rossi,user149@example.it,B2B,2024-10-16
CT000150,Giulia,Rossi,user150@example.it,B2C,2025-03-21
CT000151,Paolo,Bianchi,user151@example.it,B2C,2025-09-17
CT000152,Luca,Rossi,user152@example.it,B2C,2025-06-25
CT000153,Paolo,Costa,user153@example.it,B2C,2023-02-23
CT000154,Chiara,Gallo,user154@example.it,B2C,2025-09-01
CT000155,Luca,Romano,user155@example.it,B2C,2025-10-14
CT000156,Anna,Costa,user156@example.it,B2C,2023-01-02
CT000157,Giulia,Bianchi,user157@example.it,B2B,2024-06-26
CT000158,Chiara,Gallo,user158@example.it,B2C,2025-04-24
CT000159,Paolo,Rossi,user159@example.it,B2C,2024-09-14
CT000160,Giulia,Romano,user160@example.it,B2C,2025-09-15
CT000161,Giulia,Romano,user161@example.it,B2C,2025-09-24
CT000162,Sara,Bianchi,user162@example.it,B2C,2024-07-19
CT000163,Davide,Costa,user163@example.it,B2B,2024-08-22
CT000164,Marco,Rossi,user164@example.it,B2B,2023-09-22
CT000165,Paolo,Gallo,user165@example.it,B2B,2025-03-30
CT000166,Anna,Romano,user166@example.it,B2B,2025-08-03
CT000167,Luca,Rossi,user167@example.it,B2C,2025-08-29
CT000168,Paolo,Verdi,user168@example.it,B2C,2025-05-06
CT000169,Marco,Ferrari,user169@example.it,B2C,2024-09-23
CT000170,Davide,Romano,user170@example.it,B2C,2023-07-02
CT000171,Sara,Neri,user171@example.it,B2C,2023-08-21
CT000172,Elena,Bianchi,user172@example.it,B2C,2024-05-01
CT000173,Luca,Rossi,user173@example.it,B2C,2025-06-01
CT000174,Giulia,Bianchi,user174@example.it,B2C,2023-09-06
CT000175,Sara,Gallo,user175@example.it,B2B,2024-11-08
CT000176,Davide,Verdi,user176@example.it,B2C,2023-07-29
CT000177,Sara,Bianchi,user177@example.it,B2B,2025-05-04
CT000178,Marco,Ferrari,user178@example.it,B2C,2023-07-29
CT000179,Paolo,Rossi,user179@example.it,B2B,2025-06-15
CT000180,Davide,Romano,user180@example.it,B2B,2025-04-06
CT000181,Luca,Gallo,user181@example.it,B2C,2025-06-28
CT000182,Matteo,Ferrari,user182@example.it,B2C,2023-11-03
CT000183,Davide,Rossi,user183@example.it,B2B,2024-08-27
CT000184,Anna,Verdi,user184@example.it,B2C,2025-12-31
CT000185,Chiara,Romano,user185@example.it,B2C,2023-11-12
CT000186,Marco,Verdi,user186@example.it,B2B,2024-12-27
CT000187,Luca,Costa,user187@example.it,B2C,2024-08-05
CT000188,Luca,Bianchi,user188@example.it,B2C,2025-03-19
CT000189,Paolo,Gallo,user189@example.it,B2C,2023-02-19
CT000190,Chiara,Verdi,user190@example.it,B2C,2023-03-29
CT000191,Chiara,Romano,user191@example.it,B2C,2023-03-31
CT000192,Paolo,Verdi,user192@example.it,B2C,2024-07-14
CT000193,Matteo,Costa,user193@example.it,B2B,2023-01-09
CT000194,Giulia,Bianchi,user194@example.it,B2C,2024-06-23
CT000195,Giulia,Ferrari,user195@example.it,B2B,2023-03-04
CT000196,Paolo,Bianchi,user196@example.it,B2C,2024-08-18
CT000197,Davide,Costa,user197@example.it,B2B,2025-11-23
CT000198,Matteo,Rossi,user198@example.it,B2B,2024-05-10
CT000199,Matteo,Rossi,user199@example.it,B2C,2023-01-31
CT000200,Marco,Romano,user200@example.it,B2C,2025-12-09
CT000201,Sara,Costa,user201@example.it,B2B,2023-12-28
CT000202,Giulia,Neri,user202@example.it,B2C,2024-06-24
CT000203,Giulia,Verdi,user203@example.it,B2C,2025-07-21
CT000204,Matteo,Verdi,user204@example.it,B2C,2025-02-10
CT000205,Matteo,Bianchi,user205@example.it,B2B,2025-11-16
CT000206,Chiara,Bianchi,user206@example.it,B2C,2025-03-28
CT000207,Elena,Romano,user207@example.it,B2C,2023-10-18
CT000208,Paolo,Romano,user208@example.it,B2B,2024-03-09
CT000209,Sara,Bianchi,user209@example.it,B2C,2024-06-06
CT000210,Luca,Costa,user210@example.it,B2B,2024-08-23
CT000211,Elena,Neri,user211@example.it,B2C,2025-05-27
CT000212,Paolo,Rossi,user212@example.it,B2C,2023-01-10
CT000213,Chiara,Bianchi,user213@example.it,B2B,2024-10-02
CT000214,Chiara,Gallo,user214@example.it,B2B,2024-09-09
CT000215,Elena,Ferrari,user215@example.it,B2C,2023-11-08
CT000216,Chiara,Bianchi,user216@example.it,B2B,2023-11-01
CT000217,Luca,Ferrari,user217@example.it,B2C,2023-12-27
CT000218,Sara,Ferrari,user218@example.it,B2B,2024-01-25
CT000219,Paolo,Neri,user219@example.it,B2B,2023-11-15
CT000220,Luca,Neri,user220@example.it,B2C,2023-07-21
CT000221,Elena,Costa,user221@example.it,B2C,2024-07-23
CT000222,Davide,Verdi,user222@example.it,B2C,2023-04-05
CT000223,Sara,Neri,user223@example.it,B2B,2025-04-15
CT000224,Davide,Rossi,user224@example.it,B2B,2025-11-19
CT000225,Anna,Gallo,user225@example.it,B2C,2023-04-20
CT000226,Giulia,Neri,user226@example.it,B2C,2025-08-16
CT000227,Elena,Rossi,user227@example.it,B2C,2023-06-14
CT000228,Elena,Bianchi,user228@example.it,B2B,2023-02-22
CT000229,Marco,Costa,user229@example.it,B2C,2024-07-19
CT000230,Luca,Costa,user230@example.it,B2C,2024-08-11
CT000231,Paolo,Neri,user231@example.it,B2B,2023-05-20
CT000232,Chiara,Rossi,user232@example.it,B2B,2024-11-09
CT000233,Giulia,Bianchi,user233@example.it,B2C,2025-10-31
CT000234,Matteo,Romano,user234@example.it,B2B,2023-11-11
CT000235,Matteo,Verdi,user235@example.it,B2C,2023-11-30
CT000236,Luca,Ferrari,user236@example.it,B2C,2025-01-25
CT000237,Chiara,Gallo,user237@example.it,B2B,2025-09-21
CT000238,Luca,Romano,user238@example.it,B2C,2025-12-21
CT000239,Davide,Rossi,user239@example.it,B2B,2024-12-21
CT000240,Paolo,Gallo,user240@example.it,B2C,2024-05-15
CT000241,Luca,Ferrari,user241@example.it,B2B,2024-07-26
CT000242,Chiara,Gallo,user242@example.it,B2C,2024-10-28
CT000243,Giulia,Verdi,user243@example.it,B2C,2025-03-04
CT000244,Chiara,Romano,user244@example.it,B2B,2025-12-21
CT000245,Luca,Neri,user245@example.it,B2B,2024-09-06
CT000246,Luca,Costa,user246@example.it,B2B,2024-01-27
CT000247,Chiara,Verdi,user247@example.it,B2C,2023-07-13
CT000248,Davide,Ferrari,user248@example.it,B2B,2025-09-21
CT000249,Chiara,Romano,user249@example.it,B2C,2025-05-03
CT000250,Paolo,Verdi,user250@example.it,B2C,2024-02-29
CT000251,Davide,Ferrari,user251@example.it,B2B,2025-04-02
CT000252,Sara,Costa,user252@example.it,B2C,2025-07-07
CT000253,Matteo,Verdi,user253@example.it,B2B,2024-12-31
CT000254,Matteo,Romano,user254@example.it,B2C,2025-04-24
CT000255,Luca,Romano,user255@example.it,B2B,2024-10-05
CT000256,Paolo,Romano,user256@example.it,B2C,2025-04-29
CT000257,Davide,Ferrari,user257@example.it,B2B,2025-07-13
CT000258,Davide,Rossi,user258@example.it,B2B,2025-04-25
CT000259,Paolo,Neri,user259@example.it,B2C,2023-07-24
CT000260,Sara,Bianchi,user260@example.it,B2C,2023-07-11
CT000261,Giulia,Bianchi,user261@example.it,B2B,2023-12-21
CT000262,Paolo,Neri,user262@example.it,B2C,2023-01-27
CT000263,Davide,Gallo,user263@example.it,B2B,2025-06-20
CT000264,Paolo,Neri,user264@example.it,B2C,2025-07-24
CT000265,Marco,Ferrari,user265@example.it,B2C,2024-07-25
CT000266,Luca,Costa,user266@example.it,B2B,2024-07-29
CT000267,Marco,Rossi,user267@example.it,B2C,2023-05-22
CT000268,Chiara,Romano,user268@example.it,B2B,2025-03-02
CT000269,Luca,Verdi,user269@example.it,B2B,2025-01-27
CT000270,Sara,Verdi,user270@example.it,B2C,2023-09-24
CT000271,Chiara,Gallo,user271@example.it,B2B,2024-09-10
CT000272,Giulia,Neri,user272@example.it,B2C,2023-10-07
CT000273,Giulia,Verdi,user273@example.it,B2C,2023-06-12
CT000274,Giulia,Ferrari,user274@example.it,B2B,2023-04-28
CT000275,Anna,Gallo,user275@example.it,B2C,2023-10-31
CT000276,Elena,Neri,user276@example.it,B2B,2023-09-10
CT000277,Paolo,Neri,user277@example.it,B2B,2025-12-20
CT000278,Elena,Costa,user278@example.it,B2C,2023-01-10
CT000279,Elena,Neri,user279@example.it,B2C,2025-08-18
CT000280,Sara,Romano,user280@example.it,B2B,2024-08-04
CT000281,Chiara,Neri,user281@example.it,B2B,2025-09-27
CT000282,Marco,Costa,user282@example.it,B2B,2023-07-24
CT000283,Matteo,Gallo,user283@example.it,B2C,2024-11-07
CT000284,Matteo,Costa,user284@example.it,B2B,2024-11-10
CT000285,Paolo,Romano,user285@example.it,B2C,2025-11-12
CT000286,Elena,Verdi,user286@example.it,B2C,2024-04-08
CT000287,Luca,Costa,user287@example.it,B2B,2025-06-01
CT000288,Sara,Romano,user288@example.it,B2C,2024-11-29
CT000289,Luca,Ferrari,user289@example.it,B2C,2023-01-30
CT000290,Anna,Romano,user290@example.it,B2C,2023-12-14
CT000291,Sara,Romano,user291@example.it,B2C,2023-08-01
CT000292,Chiara,Romano,user292@example.it,B2C,2023-05-10
CT000293,Davide,Ferrari,user293@example.it,B2C,2023-08-19
CT000294,Giulia,Costa,user294@example.it,B2B,2025-10-28
CT000295,Marco,Romano,user295@example.it,B2C,2025-06-09
CT000296,Anna,Gallo,user296@example.it,B2C,2023-08-18
CT000297,Anna,Ferrari,user297@example.it,B2C,2024-07-08
CT000298,Davide,Romano,user298@example.it,B2C,2024-02-28
CT000299,Elena,Gallo,user299@example.it,B2C,2023-02-06
CT000300,Matteo,Verdi,user300@example.it,B2C,2024-10-26
CT000301,Marco,Verdi,user301@example.it,B2B,2023-07-06
CT000302,Davide,Rossi,user302@example.it,B2C,2024-08-11
CT000303,Sara,Gallo,user303@example.it,B2C,2025-09-06
CT000304,Elena,Neri,user304@example.it,B2B,2023-02-06
CT000305,Davide,Gallo,user305@example.it,B2C,2023-11-12
CT000306,Giulia,Verdi,user306@example.it,B2C,2025-12-06
CT000307,Marco,Ferrari,user307@example.it,B2B,2023-06-11
CT000308,Matteo,Neri,user308@example.it,B2B,2023-06-09
CT000309,Luca,Ferrari,user309@example.it,B2C,2023-11-19
CT000310,Luca,Rossi,user310@example.it,B2C,2025-01-25
CT000311,Matteo,Romano,user311@example.it,B2B,2023-09-25
CT000312,Matteo,Rossi,user312@example.it,B2B,2023-06-30
CT000313,Paolo,Gallo,user313@example.it,B2B,2025-09-07
CT000314,Chiara,Gallo,user314@example.it,B2C,2025-04-06
CT000315,Marco,Verdi,user315@example.it,B2C,2023-08-15
CT000316,Davide,Verdi,user316@example.it,B2B,2023-11-19
CT000317,Luca,Rossi,user317@example.it,B2C,2023-03-18
CT000318,Marco,Neri,user318@example.it,B2C,2024-05-09
CT000319,Matteo,Costa,user319@example.it,B2B,2024-11-14
CT000320,Chiara,Verdi,user320@example.it,B2B,2024-07-01
CT000321,Elena,Neri,user321@example.it,B2C,2023-09-04
CT000322,Anna,Bianchi,user322@example.it,B2B,2025-11-23
CT000323,Matteo,Rossi,user323@example.it,B2B,2023-08-12
CT000324,Elena,Romano,user324@example.it,B2B,2024-12-01
CT000325,Paolo,Rossi,user325@example.it,B2C,2025-02-01
CT000326,Chiara,Verdi,user326@example.it,B2B,2025-09-05
CT000327,Giulia,Ferrari,user327@example.it,B2B,2024-08-07
CT000328,Davide,Bianchi,user328@example.it,B2C,2023-08-14
CT000329,Davide,Romano,user329@example.it,B2C,2024-06-25
CT000330,Matteo,Ferrari,user330@example.it,B2B,2024-04-27
CT000331,Sara,Romano,user331@example.it,B2C,2023-12-18
CT000332,Davide,Gallo,user332@example.it,B2C,2024-12-21
CT000333,Anna,Bianchi,user333@example.it,B2B,2024-11-07
CT000334,Elena,Costa,user334@example.it,B2C,2023-03-05
CT000335,Sara,Neri,user335@example.it,B2C,2025-06-14
CT000336,Paolo,Romano,user336@example.it,B2B,2024-10-13
CT000337,Davide,Costa,user337@example.it,B2C,2024-12-21
CT000338,Sara,Costa,user338@example.it,B2C,2024-06-01
CT000339,Elena,Neri,user339@example.it,B2C,2023-12-24
CT000340,Giulia,Verdi,user340@example.it,B2B,2023-10-19
CT000341,Marco,Ferrari,user341@example.it,B2B,2023-02-05
CT000342,Paolo,Romano,user342@example.it,B2C,2024-04-21
CT000343,Giulia,Costa,user343@example.it,B2C,2025-04-30
CT000344,Davide,Neri,user344@example.it,B2C,2024-01-01
CT000345,Paolo,Rossi,user345@example.it,B2C,2025-02-15
CT000346,Marco,Gallo,user346@example.it,B2B,2023-05-07
CT000347,Marco,Rossi,user347@example.it,B2C,2024-04-15
CT000348,Paolo,Neri,user348@example.it,B2C,2024-11-30
CT000349,Marco,Bianchi,user349@example.it,B2B,2023-04-15
CT000350,Luca,Costa,user350@example.it,B2B,2023-01-19
CT000351,Anna,Bianchi,user351@example.it,B2C,2023-08-02
CT000352,Anna,Neri,user352@example.it,B2B,2024-02-12
CT000353,Sara,Rossi,user353@example.it,B2B,2025-08-16
CT000354,Luca,Rossi,user354@example.it,B2B,2025-02-24
CT000355,Chiara,Gallo,user355@example.it,B2C,2023-05-11
CT000356,Giulia,Ferrari,user356@example.it,B2B,2023-09-07
CT000357,Marco,Neri,user357@example.it,B2C,2023-12-16
CT000358,Marco,Ferrari,user358@example.it,B2B,2025-06-05
CT000359,Davide,Verdi,user359@example.it,B2B,2024-04-08
CT000360,Elena,Ferrari,user360@example.it,B2C,2024-02-06
CT000361,Chiara,Neri,user361@example.it,B2B,2023-01-10
CT000362,Anna,Gallo,user362@example.it,B2C,2025-04-09
CT000363,Paolo,Gallo,user363@example.it,B2C,2025-02-24
CT000364,Paolo,Romano,user364@example.it,B2C,2024-01-28
CT000365,Giulia,Romano,user365@example.it,B2C,2024-07-10
CT000366,Paolo,Rossi,user366@example.it,B2B,2024-01-16
CT000367,Marco,Neri,user367@example.it,B2B,2025-12-22
CT000368,Chiara,Ferrari,user368@example.it,B2C,2023-04-10
CT000369,Paolo,Ferrari,user369@example.it,B2C,2025-01-08
CT000370,Matteo,Romano,user370@example.it,B2B,2025-02-25
CT000371,Anna,Neri,user371@example.it,B2C,2025-02-08
CT000372,Sara,Rossi,user372@example.it,B2B,2024-03-13
CT000373,Giulia,Neri,user373@example.it,B2B,2024-07-04
CT000374,Luca,Bianchi,user374@example.it,B2C,2023-07-06
CT000375,Matteo,Verdi,user375@example.it,B2C,2024-07-02
CT000376,Matteo,Bianchi,user376@example.it,B2C,2024-11-11
CT000377,Paolo,Bianchi,user377@example.it,B2C,2023-02-18
CT000378,Matteo,Costa,user378@example.it,B2C,2025-04-02
CT000379,Sara,Neri,user379@example.it,B2C,2023-05-16
CT000380,Anna,Costa,user380@example.it,B2C,2025-12-27
CT000381,Giulia,Verdi,user381@example.it,B2B,2025-07-05
CT000382,Elena,Bianchi,user382@example.it,B2C,2023-12-22
CT000383,Giulia,Costa,user383@example.it,B2C,2023-03-10
CT000384,Elena,Costa,user384@example.it,B2C,2023-02-17
CT000385,Elena,Bianchi,user385@example.it,B2C,2023-01-03
CT000386,Marco,Gallo,user386@example.it,B2C,2023-12-30
CT000387,Paolo,Romano,user387@example.it,B2B,2023-12-29
CT000388,Paolo,Costa,user388@example.it,B2C,2025-02-22
CT000389,Sara,Rossi,user389@example.it,B2B,2025-07-29
CT000390,Matteo,Verdi,user390@example.it,B2C,2024-12-19
CT000391,Paolo,Neri,user391@example.it,B2B,2023-07-30
CT000392,Chiara,Ferrari,user392@example.it,B2C,2025-03-13
CT000393,Matteo,Rossi,user393@example.it,B2B,2024-11-11
CT000394,Sara,Neri,user394@example.it,B2C,2025-04-02
CT000395,Anna,Verdi,user395@example.it,B2C,2023-09-10
CT000396,Sara,Neri,user396@example.it,B2B,2023-07-22
CT000397,Matteo,Gallo,user397@example.it,B2C,2024-08-13
CT000398,Chiara,Neri,user398@example.it,B2C,2025-06-09
CT000399,Paolo,Verdi,user399@example.it,B2B,2023-06-02
CT000400,Matteo,Costa,user400@example.it,B2C,2023-07-06
CT000401,Davide,Ferrari,user401@example.it,B2B,2023-09-11
CT000402,Giulia,Ferrari,user402@example.it,B2C,2025-10-20
CT000403,Elena,Costa,user403@example.it,B2B,2023-01-14
CT000404,Marco,Bianchi,user404@example.it,B2C,2023-08-15
CT000405,Paolo,Verdi,user405@example.it,B2C,2024-02-26
CT000406,Elena,Rossi,user406@example.it,B2B,2024-02-10
CT000407,Sara,Neri,user407@example.it,B2C,2024-07-21
CT000408,Davide,Costa,user408@example.it,B2B,2023-08-06
CT000409,Davide,Rossi,user409@example.it,B2B,2023-11-01
CT000410,Chiara,Gallo,user410@example.it,B2B,2023-10-26
CT000411,Matteo,Gallo,user411@example.it,B2C,2024-06-27
CT000412,Marco,Bianchi,user412@example.it,B2B,2024-04-23
CT000413,Paolo,Neri,user413@example.it,B2B,2024-05-15
CT000414,Elena,Rossi,user414@example.it,B2C,2023-06-27
CT000415,Sara,Ferrari,user415@example.it,B2B,2023-01-28
CT000416,Davide,Ferrari,user416@example.it,B2C,2023-07-25
CT000417,Paolo,Gallo,user417@example.it,B2C,2024-01-11
CT000418,Luca,Gallo,user418@example.it,B2C,2025-10-10
CT000419,Paolo,Gallo,user419@example.it,B2C,2025-04-18
CT000420,Luca,Ferrari,user420@example.it,B2C,2024-01-09
CT000421,Sara,Neri,user421@example.it,B2B,2023-10-16
CT000422,Sara,Romano,user422@example.it,B2C,2025-03-30
CT000423,Elena,Neri,user423@example.it,B2C,2023-02-19
CT000424,Anna,Bianchi,user424@example.it,B2B,2023-02-18
CT000425,Matteo,Gallo,user425@example.it,B2C,2023-11-16
CT000426,Luca,Neri,user426@example.it,B2C,2024-06-06
CT000427,Sara,Romano,user427@example.it,B2B,2025-03-14
CT000428,Sara,Rossi,user428@example.it,B2C,2023-10-27
CT000429,Paolo,Verdi,user429@example.it,B2C,2023-06-24
CT000430,Matteo,Verdi,user430@example.it,B2B,2025-11-15
CT000431,Giulia,Bianchi,user431@example.it,B2C,2023-05-25
CT000432,Matteo,Neri,user432@example.it,B2B,2025-07-29
CT000433,Elena,Costa,user433@example.it,B2C,2024-03-25
CT000434,Paolo,Neri,user434@example.it,B2B,2023-08-27
CT000435,Anna,Bianchi,user435@example.it,B2B,2025-09-09
CT000436,Elena,Costa,user436@example.it,B2B,2025-10-14
CT000437,Anna,Romano,user437@example.it,B2B,2025-03-17
CT000438,Matteo,Bianchi,user438@example.it,B2B,2023-04-14
CT000439,Anna,Bianchi,user439@example.it,B2B,2025-01-17
CT000440,Matteo,Rossi,user440@example.it,B2B,2023-09-13
CT000441,Paolo,Gallo,user441@example.it,B2C,2024-03-29
CT000442,Anna,Neri,user442@example.it,B2C,2025-09-16
CT000443,Elena,Costa,user443@example.it,B2C,2025-12-20
CT000444,Chiara,Rossi,user444@example.it,B2C,2024-06-11
CT000445,Anna,Costa,user445@example.it,B2C,2024-05-22
CT000446,Paolo,Ferrari,user446@example.it,B2C,2024-12-18
CT000447,Luca,Romano,user447@example.it,B2B,2024-05-31
CT000448,Luca,Romano,user448@example.it,B2C,2023-10-16
CT000449,Matteo,Gallo,user449@example.it,B2B,2024-09-06
CT000450,Matteo,Neri,user450@example.it,B2C,2025-12-01
CT000451,Chiara,Rossi,user451@example.it,B2C,2024-06-12
CT000452,Matteo,Bianchi,user452@example.it,B2C,2024-04-19
CT000453,Elena,Ferrari,user453@example.it,B2C,2024-03-13
CT000454,Giulia,Ferrari,user454@example.it,B2C,2023-10-08
CT000455,Marco,Gallo,user455@example.it,B2C,2025-02-21
CT000456,Paolo,Neri,user456@example.it,B2C,2024-04-12
CT000457,Paolo,Neri,user457@example.it,B2C,2025-08-05
CT000458,Matteo,Gallo,user458@example.it,B2B,2023-10-10
CT000459,Paolo,Costa,user459@example.it,B2C,2024-06-28
CT000460,Chiara,Gallo,user460@example.it,B2C,2024-03-30
CT000461,Paolo,Gallo,user461@example.it,B2B,2023-12-21
CT000462,Anna,Gallo,user462@example.it,B2C,2024-07-11
CT000463,Luca,Verdi,user463@example.it,B2C,2025-09-16
CT000464,Elena,Romano,user464@example.it,B2C,2023-04-17
CT000465,Anna,Ferrari,user465@example.it,B2C,2025-11-30
CT000466,Paolo,Gallo,user466@example.it,B2C,2024-01-20
CT000467,Giulia,Verdi,user467@example.it,B2C,2024-02-15
CT000468,Luca,Neri,user468@example.it,B2C,2023-08-01
CT000469,Giulia,Rossi,user469@example.it,B2C,2025-01-28
CT000470,Chiara,Neri,user470@example.it,B2C,2025-04-21
CT000471,Giulia,Neri,user471@example.it,B2C,2024-09-04
CT000472,Anna,Verdi,user472@example.it,B2C,2024-05-22
CT000473,Giulia,Gallo,user473@example.it,B2B,2023-11-02
CT000474,Davide,Ferrari,user474@example.it,B2C,2025-07-04
CT000475,Matteo,Verdi,user475@example.it,B2B,2024-12-24
CT000476,Paolo,Rossi,user476@example.it,B2C,2023-12-15
CT000477,Giulia,Gallo,user477@example.it,B2C,2024-10-06
CT000478,Chiara,Gallo,user478@example.it,B2B,2024-11-12
CT000479,Matteo,Rossi,user479@example.it,B2B,2024-01-14
CT000480,Marco,Verdi,user480@example.it,B2B,2023-11-12
CT000481,Matteo,Romano,user481@example.it,B2B,2025-03-12
CT000482,Luca,Gallo,user482@example.it,B2B,2025-12-30
CT000483,Matteo,Verdi,user483@example.it,B2B,2025-07-09
CT000484,Chiara,Verdi,user484@example.it,B2C,2023-12-04
CT000485,Giulia,Verdi,user485@example.it,B2B,2023-10-20
CT000486,Matteo,Verdi,user486@example.it,B2C,2024-09-23
CT000487,Luca,Costa,user487@example.it,B2B,2025-10-31
CT000488,Matteo,Costa,user488@example.it,B2C,2024-07-29
CT000489,Anna,Gallo,user489@example.it,B2B,2024-07-13
CT000490,Luca,Neri,user490@example.it,B2B,2023-12-08
CT000491,Matteo,Rossi,user491@example.it,B2C,2023-05-21
CT000492,Elena,Romano,user492@example.it,B2C,2023-03-21
CT000493,Davide,Gallo,user493@example.it,B2B,2025-11-29
CT000494,Chiara,Bianchi,user494@example.it,B2B,2023-05-03
CT000495,Marco,Bianchi,user495@example.it,B2C,2024-10-25
CT000496,Sara,Romano,user496@example.it,B2C,2025-03-31
CT000497,Marco,Bianchi,user497@example.it,B2C,2025-07-28
CT000498,Matteo,Gallo,user498@example.it,B2C,2025-02-03
CT000499,Chiara,Gallo,user499@example.it,B2B,2025-01-30
CT000500,Sara,Costa,user500@example.it,B2B,2023-01-05
CT000501,Matteo,Neri,user501@example.it,B2C,2025-01-09
CT000502,Giulia,Costa,user502@example.it,B2B,2023-03-03
CT000503,Matteo,Romano,user503@example.it,B2C,2023-06-10
CT000504,Sara,Gallo,user504@example.it,B2B,2025-02-11
CT000505,Sara,Verdi,user505@example.it,B2B,2023-01-06
CT000506,Paolo,Bianchi,user506@example.it,B2B,2024-10-21
CT000507,Chiara,Ferrari,user507@example.it,B2B,2023-02-17
CT000508,Elena,Ferrari,user508@example.it,B2B,2025-02-10
CT000509,Giulia,Neri,user509@example.it,B2C,2023-01-22
CT000510,Davide,Rossi,user510@example.it,B2B,2023-09-02
CT000511,Luca,Ferrari,user511@example.it,B2C,2023-02-20
CT000512,Marco,Verdi,user512@example.it,B2B,2023-07-06
CT000513,Paolo,Ferrari,user513@example.it,B2C,2024-11-17
CT000514,Marco,Verdi,user514@example.it,B2B,2023-05-01
CT000515,Elena,Ferrari,user515@example.it,B2C,2025-02-21
CT000516,Paolo,Romano,user516@example.it,B2B,2024-07-24
CT000517,Elena,Romano,user517@example.it,B2C,2024-03-15
CT000518,Paolo,Gallo,user518@example.it,B2C,2023-01-16
CT000519,Sara,Rossi,user519@example.it,B2B,2024-05-21
CT000520,Marco,Rossi,user520@example.it,B2B,2024-06-23
CT000521,Davide,Gallo,user521@example.it,B2B,2023-01-06
CT000522,Sara,Rossi,user522@example.it,B2C,2025-03-03
CT000523,Marco,Rossi,user523@example.it,B2B,2024-07-21
CT000524,Anna,Romano,user524@example.it,B2B,2023-08-20
CT000525,Giulia,Rossi,user525@example.it,B2C,2023-11-12
CT000526,Anna,Bianchi,user526@example.it,B2B,2023-02-22
CT000527,Davide,Verdi,user527@example.it,B2B,2024-04-16
CT000528,Elena,Costa,user528@example.it,B2B,2023-06-15
CT000529,Chiara,Neri,user529@example.it,B2B,2024-03-25
CT000530,Paolo,Rossi,user530@example.it,B2B,2025-05-08
CT000531,Giulia,Bianchi,user531@example.it,B2C,2023-06-27
CT000532,Davide,Neri,user532@example.it,B2B,2025-12-23
CT000533,Marco,Romano,user533@example.it,B2B,2025-08-21
CT000534,Sara,Bianchi,user534@example.it,B2B,2023-04-21
CT000535,Paolo,Neri,user535@example.it,B2C,2024-12-01
CT000536,Chiara,Ferrari,user536@example.it,B2C,2023-07-03
CT000537,Sara,Verdi,user537@example.it,B2B,2025-07-25
CT000538,Giulia,Verdi,user538@example.it,B2C,2024-04-12
CT000539,Giulia,Rossi,user539@example.it,B2C,2024-05-02
CT000540,Sara,Costa,user540@example.it,B2B,2024-10-04
CT000541,Sara,Rossi,user541@example.it,B2C,2024-06-02
CT000542,Chiara,Costa,user542@example.it,B2C,2024-05-20
CT000543,Marco,Costa,user543@example.it,B2C,2024-04-26
CT000544,Giulia,Bianchi,user544@example.it,B2C,2024-07-17
CT000545,Marco,Ferrari,user545@example.it,B2C,2024-07-17
CT000546,Luca,Ferrari,user546@example.it,B2C,2023-06-13
CT000547,Elena,Bianchi,user547@example.it,B2C,2025-08-22
CT000548,Luca,Bianchi,user548@example.it,B2C,2023-08-08
CT000549,Davide,Verdi,user549@example.it,B2B,2024-06-16
CT000550,Chiara,Romano,user550@example.it,B2B,2023-09-02
CT000551,Sara,Bianchi,user551@example.it,B2B,2024-06-17
CT000552,Elena,Romano,user552@example.it,B2C,2025-06-08
CT000553,Davide,Ferrari,user553@example.it,B2C,2024-10-01
CT000554,Chiara,Verdi,user554@example.it,B2C,2023-07-01
CT000555,Luca,Romano,user555@example.it,B2C,2025-10-01
CT000556,Sara,Gallo,user556@example.it,B2C,2024-10-18
CT000557,Matteo,Costa,user557@example.it,B2B,2025-09-28
CT000558,Giulia,Neri,user558@example.it,B2C,2024-12-01
CT000559,Marco,Romano,user559@example.it,B2C,2024-03-26
CT000560,Chiara,Ferrari,user560@example.it,B2C,2025-10-15
CT000561,Marco,Ferrari,user561@example.it,B2C,2023-11-14
CT000562,Anna,Gallo,user562@example.it,B2B,2025-11-26
CT000563,Elena,Romano,user563@example.it,B2C,2023-09-16
CT000564,Matteo,Gallo,user564@example.it,B2C,2025-11-19
CT000565,Marco,Verdi,user565@example.it,B2C,2024-02-27
CT000566,Matteo,Costa,user566@example.it,B2B,2025-01-10
CT000567,Anna,Costa,user567@example.it,B2C,2024-02-26
CT000568,Giulia,Verdi,user568@example.it,B2C,2024-10-04
CT000569,Anna,Gallo,user569@example.it,B2C,2023-06-16
CT000570,Anna,Rossi,user570@example.it,B2B,2023-09-11
CT000571,Marco,Ferrari,user571@example.it,B2C,2023-09-19
CT000572,Sara,Ferrari,user572@example.it,B2B,2024-10-31
CT000573,Anna,Rossi,user573@example.it,B2C,2024-08-05
CT000574,Chiara,Neri,user574@example.it,B2B,2025-05-18
CT000575,Chiara,Ferrari,user575@example.it,B2B,2024-11-13
CT000576,Marco,Verdi,user576@example.it,B2C,2023-02-23
CT000577,Sara,Rossi,user577@example.it,B2C,2024-11-17
CT000578,Elena,Ferrari,user578@example.it,B2B,2023-07-10
CT000579,Marco,Rossi,user579@example.it,B2C,2024-06-10
CT000580,Luca,Bianchi,user580@example.it,B2C,2025-08-11
CT000581,Matteo,Gallo,user581@example.it,B2C,2023-10-27
CT000582,Matteo,Neri,user582@example.it,B2C,2023-01-29
CT000583,Giulia,Romano,user583@example.it,B2B,2025-06-21
CT000584,Matteo,Costa,user584@example.it,B2B,2023-03-21
CT000585,Davide,Gallo,user585@example.it,B2C,2023-03-01
CT000586,Paolo,Neri,user586@example.it,B2C,2024-03-01
CT000587,Anna,Gallo,user587@example.it,B2C,2023-12-08
CT000588,Elena,Ferrari,user588@example.it,B2C,2025-05-15
CT000589,Luca,Gallo,user589@example.it,B2C,2025-03-16
CT000590,Luca,Neri,user590@example.it,B2C,2025-12-30
CT000591,Sara,Ferrari,user591@example.it,B2B,2024-12-23
CT000592,Elena,Bianchi,user592@example.it,B2C,2025-11-12
CT000593,Marco,Ferrari,user593@example.it,B2C,2025-04-11
CT000594,Giulia,Costa,user594@example.it,B2B,2025-02-26
CT000595,Elena,Verdi,user595@example.it,B2C,2025-12-11
CT000596,Anna,Bianchi,user596@example.it,B2B,2025-03-28
CT000597,Paolo,Costa,user597@example.it,B2C,2025-02-12
CT000598,Giulia,Romano,user598@example.it,B2C,2025-04-11
CT000599,Anna,Neri,user599@example.it,B2B,2023-05-23
CT000600,Luca,Bianchi,user600@example.it,B2C,2023-11-14
CT000601,Elena,Rossi,user601@example.it,B2C,2024-10-12
CT000602,Davide,Ferrari,user602@example.it,B2C,2025-04-03
CT000603,Elena,Ferrari,user603@example.it,B2B,2024-02-06
CT000604,Sara,Neri,user604@example.it,B2C,2024-03-17
CT000605,Sara,Costa,user605@example.it,B2C,2025-04-16
CT000606,Elena,Rossi,user606@example.it,B2C,2023-01-03
CT000607,Elena,Gallo,user607@example.it,B2B,2024-12-13
CT000608,Marco,Gallo,user608@example.it,B2B,2023-03-20
CT000609,Davide,Rossi,user609@example.it,B2B,2024-06-04
CT000610,Matteo,Costa,user610@example.it,B2C,2024-11-08
CT000611,Marco,Costa,user611@example.it,B2C,2023-11-26
CT000612,Anna,Ferrari,user612@example.it,B2C,2024-05-17
CT000613,Davide,Ferrari,user613@example.it,B2B,2025-11-28
CT000614,Elena,Costa,user614@example.it,B2B,2023-09-13
CT000615,Paolo,Costa,user615@example.it,B2B,2023-10-25
CT000616,Anna,Gallo,user616@example.it,B2C,2025-12-27
CT000617,Marco,Rossi,user617@example.it,B2B,2023-03-12
CT000618,Elena,Rossi,user618@example.it,B2C,2023-02-16
CT000619,Matteo,Bianchi,user619@example.it,B2C,2024-12-30
CT000620,Anna,Neri,user620@example.it,B2B,2025-10-15
CT000621,Matteo,Verdi,user621@example.it,B2B,2024-01-28
CT000622,Matteo,Rossi,user622@example.it,B2C,2024-12-26
CT000623,Luca,Neri,user623@example.it,B2B,2024-11-12
CT000624,Davide,Costa,user624@example.it,B2C,2025-10-28
CT000625,Paolo,Gallo,user625@example.it,B2B,2023-11-06
CT000626,Luca,Romano,user626@example.it,B2C,2024-02-04
CT000627,Luca,Verdi,user627@example.it,B2C,2025-11-18
CT000628,Chiara,Ferrari,user628@example.it,B2C,2023-01-14
CT000629,Davide,Ferrari,user629@example.it,B2C,2023-10-24
CT000630,Sara,Rossi,user630@example.it,B2B,2024-01-09
CT000631,Anna,Ferrari,user631@example.it,B2C,2023-11-01
CT000632,Sara,Bianchi,user632@example.it,B2C,2023-05-04
CT000633,Luca,Romano,user633@example.it,B2B,2024-04-09
CT000634,Anna,Neri,user634@example.it,B2C,2025-11-13
CT000635,Giulia,Romano,user635@example.it,B2B,2025-06-19
CT000636,Anna,Bianchi,user636@example.it,B2C,2023-12-27
CT000637,Elena,Rossi,user637@example.it,B2C,2025-08-09
CT000638,Luca,Ferrari,user638@example.it,B2B,2025-10-29
CT000639,Sara,Verdi,user639@example.it,B2C,2023-10-19
CT000640,Anna,Ferrari,user640@example.it,B2C,2024-12-30
CT000641,Matteo,Neri,user641@example.it,B2C,2024-11-08
CT000642,Matteo,Neri,user642@example.it,B2C,2024-04-02
CT000643,Sara,Ferrari,user643@example.it,B2B,2025-04-06
CT000644,Giulia,Neri,user644@example.it,B2C,2023-02-20
CT000645,Marco,Costa,user645@example.it,B2C,2025-03-22
CT000646,Matteo,Bianchi,user646@example.it,B2C,2025-06-06
CT000647,Elena,Neri,user647@example.it,B2B,2025-01-20
CT000648,Giulia,Romano,user648@example.it,B2C,2023-02-20
CT000649,Elena,Romano,user649@example.it,B2C,2023-01-17
CT000650,Elena,Gallo,user650@example.it,B2B,2024-02-20
CT000651,Marco,Ferrari,user651@example.it,B2C,2025-03-05
CT000652,Chiara,Neri,user652@example.it,B2C,2024-03-20
CT000653,Chiara,Costa,user653@example.it,B2C,2023-11-17
CT000654,Luca,Romano,user654@example.it,B2C,2024-09-08
CT000655,Sara,Bianchi,user655@example.it,B2C,2025-07-30
CT000656,Giulia,Ferrari,user656@example.it,B2B,2024-07-16
CT000657,Sara,Bianchi,user657@example.it,B2C,2023-11-22
CT000658,Matteo,Ferrari,user658@example.it,B2B,2024-09-13
CT000659,Giulia,Verdi,user659@example.it,B2B,2023-08-11
CT000660,Giulia,Neri,user660@example.it,B2B,2023-06-28
CT000661,Marco,Bianchi,user661@example.it,B2C,2023-09-17
CT000662,Chiara,Gallo,user662@example.it,B2B,2023-09-06
CT000663,Matteo,Gallo,user663@example.it,B2B,2023-12-16
CT000664,Luca,Neri,user664@example.it,B2C,2025-04-16
CT000665,Sara,Romano,user665@example.it,B2C,2023-04-18
CT000666,Luca,Bianchi,user666@example.it,B2C,2024-05-24
CT000667,Elena,Costa,user667@example.it,B2B,2023-11-26
CT000668,Davide,Romano,user668@example.it,B2B,2025-03-30
CT000669,Elena,Romano,user669@example.it,B2C,2025-05-26
CT000670,Davide,Costa,user670@example.it,B2C,2023-03-11
CT000671,Anna,Rossi,user671@example.it,B2C,2025-06-25
CT000672,Paolo,Verdi,user672@example.it,B2C,2023-03-15
CT000673,Davide,Gallo,user673@example.it,B2B,2023-03-09
CT000674,Chiara,Bianchi,user674@example.it,B2C,2025-12-03
CT000675,Matteo,Romano,user675@example.it,B2C,2024-09-01
CT000676,Matteo,Rossi,user676@example.it,B2B,2023-09-27
CT000677,Chiara,Verdi,user677@example.it,B2B,2024-11-29
CT000678,Giulia,Rossi,user678@example.it,B2C,2023-11-13
CT000679,Matteo,Ferrari,user679@example.it,B2B,2023-12-12
CT000680,Davide,Bianchi,user680@example.it,B2B,2024-04-24
CT000681,Elena,Romano,user681@example.it,B2B,2024-09-12
CT000682,Chiara,Gallo,user682@example.it,B2B,2024-07-08
CT000683,Sara,Romano,user683@example.it,B2C,2024-03-19
CT000684,Paolo,Verdi,user684@example.it,B2C,2023-08-23
CT000685,Anna,Costa,user685@example.it,B2B,2025-03-28
CT000686,Anna,Bianchi,user686@example.it,B2C,2025-04-03
CT000687,Sara,Bianchi,user687@example.it,B2C,2023-02-03
CT000688,Marco,Verdi,user688@example.it,B2B,2025-11-08
CT000689,Anna,Romano,user689@example.it,B2B,2023-03-16
CT000690,Davide,Costa,user690@example.it,B2C,2025-03-03
CT000691,Giulia,Rossi,user691@example.it,B2B,2025-06-03
CT000692,Matteo,Bianchi,user692@example.it,B2C,2025-11-19
CT000693,Chiara,Rossi,user693@example.it,B2C,2024-03-21
CT000694,Luca,Verdi,user694@example.it,B2C,2024-12-16
CT000695,Luca,Bianchi,user695@example.it,B2C,2025-04-17
CT000696,Anna,Bianchi,user696@example.it,B2C,2024-12-30
CT000697,Giulia,Bianchi,user697@example.it,B2B,2023-03-18
CT000698,Paolo,Neri,user698@example.it,B2B,2025-06-08
CT000699,Marco,Romano,user699@example.it,B2C,2025-04-01
CT000700,Chiara,Rossi,user700@example.it,B2B,2024-02-01
CT000701,Luca,Verdi,user701@example.it,B2C,2025-03-28
CT000702,Anna,Verdi,user702@example.it,B2C,2025-09-11
CT000703,Marco,Gallo,user703@example.it,B2B,2024-11-11
CT000704,Anna,Neri,user704@example.it,B2C,2024-04-20
CT000705,Anna,Costa,user705@example.it,B2C,2025-02-15
CT000706,Giulia,Romano,user706@example.it,B2C,2025-01-10
CT000707,Matteo,Gallo,user707@example.it,B2C,2023-03-31
CT000708,Matteo,Rossi,user708@example.it,B2C,2025-03-02
CT000709,Chiara,Costa,user709@example.it,B2B,2023-10-25
CT000710,Giulia,Costa,user710@example.it,B2C,2025-03-20
CT000711,Davide,Neri,user711@example.it,B2C,2025-11-06
CT000712,Elena,Costa,user712@example.it,B2C,2023-01-15
CT000713,Paolo,Neri,user713@example.it,B2C,2025-03-14
CT000714,Elena,Romano,user714@example.it,B2C,2024-09-17
CT000715,Marco,Verdi,user715@example.it,B2B,2023-01-26
CT000716,Sara,Gallo,user716@example.it,B2C,2025-01-28
CT000717,Paolo,Rossi,user717@example.it,B2B,2024-07-01
CT000718,Marco,Ferrari,user718@example.it,B2C,2024-03-27
CT000719,Paolo,Costa,user719@example.it,B2C,2024-05-12
CT000720,Chiara,Verdi,user720@example.it,B2B,2023-12-07
CT000721,Matteo,Neri,user721@example.it,B2C,2025-12-01
CT000722,Anna,Rossi,user722@example.it,B2C,2024-07-20
CT000723,Elena,Costa,user723@example.it,B2C,2023-08-24
CT000724,Davide,Gallo,user724@example.it,B2B,2023-05-07
CT000725,Matteo,Ferrari,user725@example.it,B2B,2024-03-20
CT000726,Giulia,Rossi,user726@example.it,B2C,2024-11-24
CT000727,Matteo,Neri,user727@example.it,B2B,2024-05-04
CT000728,Giulia,Bianchi,user728@example.it,B2C,2025-05-02
CT000729,Anna,Verdi,user729@example.it,B2C,2025-12-10
CT000730,Marco,Gallo,user730@example.it,B2C,2025-12-08
CT000731,Giulia,Bianchi,user731@example.it,B2C,2024-08-22
CT000732,Giulia,Neri,user732@example.it,B2B,2025-08-18
CT000733,Elena,Ferrari,user733@example.it,B2B,2025-04-24
CT000734,Giulia,Romano,user734@example.it,B2B,2024-07-24
CT000735,Chiara,Verdi,user735@example.it,B2C,2025-08-25
CT000736,Matteo,Verdi,user736@example.it,B2C,2024-04-09
CT000737,Davide,Verdi,user737@example.it,B2C,2025-09-24
CT000738,Sara,Ferrari,user738@example.it,B2C,2023-02-06
CT000739,Matteo,Verdi,user739@example.it,B2B,2025-03-19
CT000740,Matteo,Verdi,user740@example.it,B2B,2024-08-06
CT000741,Luca,Rossi,user741@example.it,B2C,2023-10-02
CT000742,Matteo,Rossi,user742@example.it,B2C,2024-05-11
CT000743,Giulia,Costa,user743@example.it,B2C,2025-02-21
CT000744,Luca,Costa,user744@example.it,B2B,2023-06-23
CT000745,Marco,Gallo,user745@example.it,B2B,2024-07-06
CT000746,Sara,Verdi,user746@example.it,B2B,2025-09-02
CT000747,Davide,Costa,user747@example.it,B2C,2023-10-13
CT000748,Anna,Rossi,user748@example.it,B2C,2023-04-04
CT000749,Anna,Ferrari,user749@example.it,B2B,2023-08-03
CT000750,Elena,Rossi,user750@example.it,B2C,2024-10-08
CT000751,Giulia,Ferrari,user751@example.it,B2B,2025-07-15
CT000752,Matteo,Neri,user752@example.it,B2B,2023-03-14
CT000753,Giulia,Verdi,user753@example.it,B2C,2025-04-27
CT000754,Elena,Verdi,user754@example.it,B2C,2025-03-23
CT000755,Anna,Bianchi,user755@example.it,B2C,2025-02-09
CT000756,Elena,Neri,user756@example.it,B2B,2024-04-10
CT000757,Elena,Rossi,user757@example.it,B2B,2023-08-26
CT000758,Sara,Neri,user758@example.it,B2B,2024-06-02
CT000759,Sara,Ferrari,user759@example.it,B2C,2025-11-24
CT000760,Anna,Neri,user760@example.it,B2C,2023-10-21
CT000761,Luca,Neri,user761@example.it,B2C,2025-10-28
CT000762,Davide,Verdi,user762@example.it,B2B,2025-10-08
CT000763,Marco,Verdi,user763@example.it,B2B,2023-04-02
CT000764,Anna,Neri,user764@example.it,B2C,2025-09-08
CT000765,Anna,Costa,user765@example.it,B2B,2024-11-03
CT000766,Giulia,Bianchi,user766@example.it,B2B,2024-11-15
CT000767,Luca,Costa,user767@example.it,B2B,2024-12-22
CT000768,Chiara,Gallo,user768@example.it,B2C,2025-05-15
CT000769,Elena,Romano,user769@example.it,B2C,2024-09-08
CT000770,Paolo,Ferrari,user770@example.it,B2B,2023-03-18
CT000771,Matteo,Verdi,user771@example.it,B2B,2024-08-09
CT000772,Elena,Ferrari,user772@example.it,B2C,2024-04-25
CT000773,Chiara,Ferrari,user773@example.it,B2C,2024-03-30
CT000774,Elena,Gallo,user774@example.it,B2C,2024-03-14
CT000775,Elena,Neri,user775@example.it,B2C,2025-12-18
CT000776,Elena,Ferrari,user776@example.it,B2B,2023-07-15
CT000777,Luca,Verdi,user777@example.it,B2C,2025-06-26
CT000778,Giulia,Ferrari,user778@example.it,B2C,2024-08-14
CT000779,Davide,Ferrari,user779@example.it,B2C,2024-09-12
CT000780,Giulia,Costa,user780@example.it,B2C,2025-04-03
CT000781,Sara,Neri,user781@example.it,B2B,2025-10-05
CT000782,Marco,Neri,user782@example.it,B2C,2023-01-15
CT000783,Sara,Verdi,user783@example.it,B2B,2024-12-08
CT000784,Davide,Gallo,user784@example.it,B2B,2024-01-04
CT000785,Giulia,Gallo,user785@example.it,B2C,2025-09-11
CT000786,Davide,Bianchi,user786@example.it,B2C,2024-06-28
CT000787,Anna,Romano,user787@example.it,B2C,2023-07-31
CT000788,Luca,Bianchi,user788@example.it,B2B,2023-01-31
CT000789,Anna,Rossi,user789@example.it,B2C,2023-04-06
CT000790,Paolo,Neri,user790@example.it,B2B,2024-10-28
CT000791,Elena,Verdi,user791@example.it,B2C,2023-07-14
CT000792,Chiara,Gallo,user792@example.it,B2B,2025-01-30
CT000793,Davide,Romano,user793@example.it,B2B,2025-12-21
CT000794,Paolo,Ferrari,user794@example.it,B2C,2024-11-12
CT000795,Elena,Neri,user795@example.it,B2B,2023-11-14
CT000796,Giulia,Neri,user796@example.it,B2C,2023-07-05
CT000797,Luca,Gallo,user797@example.it,B2C,2023-07-05
CT000798,Matteo,Romano,user798@example.it,B2B,2024-06-18
CT000799,Marco,Verdi,user799@example.it,B2B,2024-04-30
CT000800,Sara,Neri,user800@example.it,B2B,2024-05-18
CT000801,Luca,Bianchi,user801@example.it,B2C,2024-08-16
CT000802,Luca,Romano,user802@example.it,B2C,2025-08-14
CT000803,Chiara,Ferrari,user803@example.it,B2B,2023-05-16
CT000804,Sara,Verdi,user804@example.it,B2C,2025-12-28
CT000805,Davide,Gallo,user805@example.it,B2B,2025-01-09
CT000806,Davide,Ferrari,user806@example.it,B2C,2025-07-15
CT000807,Elena,Neri,user807@example.it,B2B,2024-04-10
CT000808,Paolo,Romano,user808@example.it,B2C,2024-04-24
CT000809,Chiara,Neri,user809@example.it,B2C,2025-08-07
CT000810,Elena,Ferrari,user810@example.it,B2B,2024-10-05
CT000811,Davide,Rossi,user811@example.it,B2B,2025-10-25
CT000812,Luca,Gallo,user812@example.it,B2B,2025-04-01
CT000813,Davide,Verdi,user813@example.it,B2B,2024-08-22
CT000814,Chiara,Romano,user814@example.it,B2C,2023-04-16
CT000815,Davide,Verdi,user815@example.it,B2C,2024-04-21
CT000816,Marco,Neri,user816@example.it,B2C,2024-12-07
CT000817,Davide,Bianchi,user817@example.it,B2C,2025-01-23
CT000818,Matteo,Gallo,user818@example.it,B2C,2025-10-06
CT000819,Marco,Romano,user819@example.it,B2C,2025-11-21
CT000820,Marco,Neri,user820@example.it,B2C,2024-08-25
CT000821,Davide,Neri,user821@example.it,B2B,2023-04-21
CT000822,Paolo,Romano,user822@example.it,B2B,2023-10-05
CT000823,Giulia,Gallo,user823@example.it,B2C,2025-08-30
CT000824,Matteo,Neri,user824@example.it,B2C,2023-05-20
CT000825,Sara,Romano,user825@example.it,B2C,2025-08-31
CT000826,Luca,Rossi,user826@example.it,B2C,2024-07-13
CT000827,Marco,Rossi,user827@example.it,B2C,2025-12-21
CT000828,Sara,Costa,user828@example.it,B2B,2024-02-27
CT000829,Chiara,Gallo,user829@example.it,B2C,2024-04-30
CT000830,Chiara,Neri,user830@example.it,B2B,2025-06-24
CT000831,Luca,Verdi,user831@example.it,B2B,2025-06-28
CT000832,Marco,Bianchi,user832@example.it,B2C,2025-07-27
CT000833,Marco,Ferrari,user833@example.it,B2C,2023-08-28
CT000834,Paolo,Romano,user834@example.it,B2B,2025-03-09
CT000835,Chiara,Ferrari,user835@example.it,B2B,2023-03-01
CT000836,Chiara,Verdi,user836@example.it,B2B,2023-08-10
CT000837,Davide,Costa,user837@example.it,B2C,2025-07-18
CT000838,Matteo,Bianchi,user838@example.it,B2C,2023-09-28
CT000839,Anna,Ferrari,user839@example.it,B2B,2025-06-26
CT000840,Sara,Costa,user840@example.it,B2C,2023-02-06
CT000841,Anna,Gallo,user841@example.it,B2C,2024-02-14
CT000842,Sara,Bianchi,user842@example.it,B2C,2024-11-06
CT000843,Elena,Bianchi,user843@example.it,B2B,2025-03-10
CT000844,Luca,Ferrari,user844@example.it,B2C,2025-10-13
CT000845,Anna,Rossi,user845@example.it,B2C,2025-09-17
CT000846,Giulia,Neri,user846@example.it,B2C,2025-08-25
CT000847,Elena,Rossi,user847@example.it,B2B,2025-10-12
CT000848,Luca,Neri,user848@example.it,B2B,2024-09-01
CT000849,Marco,Verdi,user849@example.it,B2C,2023-10-25
CT000850,Luca,Romano,user850@example.it,B2C,2025-03-02
CT000851,Davide,Verdi,user851@example.it,B2B,2025-04-27
CT000852,Sara,Neri,user852@example.it,B2C,2023-06-13
CT000853,Paolo,Costa,user853@example.it,B2B,2024-11-06
CT000854,Sara,Gallo,user854@example.it,B2B,2024-04-18
CT000855,Paolo,Neri,user855@example.it,B2B,2024-08-04
CT000856,Matteo,Verdi,user856@example.it,B2C,2025-11-23
CT000857,Anna,Neri,user857@example.it,B2B,2023-12-02
CT000858,Sara,Romano,user858@example.it,B2C,2025-08-18
CT000859,Davide,Rossi,user859@example.it,B2C,2024-10-16
CT000860,Matteo,Ferrari,user860@example.it,B2C,2024-10-09
CT000861,Sara,Gallo,user861@example.it,B2C,2023-10-02
CT000862,Giulia,Gallo,user862@example.it,B2C,2023-03-12
CT000863,Luca,Neri,user863@example.it,B2B,2025-06-04
CT000864,Elena,Costa,user864@example.it,B2C,2024-06-13
CT000865,Sara,Gallo,user865@example.it,B2C,2025-01-10
CT000866,Sara,Gallo,user866@example.it,B2C,2024-06-12
CT000867,Marco,Ferrari,user867@example.it,B2C,2024-10-17
CT000868,Anna,Costa,user868@example.it,B2B,2024-02-24
CT000869,Sara,Verdi,user869@example.it,B2C,2024-01-06
CT000870,Matteo,Romano,user870@example.it,B2C,2023-08-03
CT000871,Paolo,Ferrari,user871@example.it,B2B,2025-09-21
CT000872,Davide,Bianchi,user872@example.it,B2B,2025-08-17
CT000873,Sara,Ferrari,user873@example.it,B2C,2023-11-29
CT000874,Luca,Romano,user874@example.it,B2B,2024-06-02
CT000875,Matteo,Romano,user875@example.it,B2C,2024-06-14
CT000876,Luca,Romano,user876@example.it,B2B,2025-01-20
CT000877,Matteo,Ferrari,user877@example.it,B2C,2023-08-22
CT000878,Giulia,Ferrari,user878@example.it,B2C,2023-07-28
CT000879,Elena,Costa,user879@example.it,B2C,2025-09-15
CT000880,Davide,Bianchi,user880@example.it,B2C,2023-07-20
CT000881,Chiara,Neri,user881@example.it,B2C,2025-03-15
CT000882,Giulia,Ferrari,user882@example.it,B2B,2024-11-20
CT000883,Luca,Verdi,user883@example.it,B2B,2023-10-27
CT000884,Paolo,Neri,user884@example.it,B2C,2025-02-23
CT000885,Giulia,Romano,user885@example.it,B2B,2023-11-19
CT000886,Elena,Verdi,user886@example.it,B2B,2025-07-04
CT000887,Davide,Rossi,user887@example.it,B2C,2024-09-28
CT000888,Chiara,Neri,user888@example.it,B2C,2023-10-14
CT000889,Sara,Romano,user889@example.it,B2B,2023-01-21
CT000890,Paolo,Costa,user890@example.it,B2C,2023-12-02
CT000891,Paolo,Verdi,user891@example.it,B2C,2024-01-02
CT000892,Giulia,Bianchi,user892@example.it,B2B,2025-01-09
CT000893,Elena,Verdi,user893@example.it,B2C,2024-03-27
CT000894,Marco,Romano,user894@example.it,B2C,2025-06-09
CT000895,Luca,Gallo,user895@example.it,B2B,2025-08-30
CT000896,Luca,Rossi,user896@example.it,B2B,2023-06-11
CT000897,Giulia,Neri,user897@example.it,B2B,2025-07-19
CT000898,Elena,Rossi,user898@example.it,B2C,2023-09-11
CT000899,Chiara,Bianchi,user899@example.it,B2C,2025-11-03
CT000900,Anna,Romano,user900@example.it,B2C,2023-09-15
CT000901,Sara,Costa,user901@example.it,B2C,2023-10-18
CT000902,Davide,Verdi,user902@example.it,B2C,2025-04-04
CT000903,Giulia,Costa,user903@example.it,B2B,2023-12-30
CT000904,Chiara,Romano,user904@example.it,B2C,2024-08-15
CT000905,Anna,Costa,user905@example.it,B2B,2024-07-14
CT000906,Paolo,Neri,user906@example.it,B2C,2023-06-26
CT000907,Chiara,Verdi,user907@example.it,B2C,2024-09-20
CT000908,Giulia,Ferrari,user908@example.it,B2B,2025-06-26
CT000909,Chiara,Verdi,user909@example.it,B2C,2025-09-16
CT000910,Paolo,Bianchi,user910@example.it,B2C,2025-01-04
CT000911,Giulia,Rossi,user911@example.it,B2B,2024-03-13
CT000912,Matteo,Verdi,user912@example.it,B2C,2024-01-03
CT000913,Paolo,Verdi,user913@example.it,B2B,2024-07-16
CT000914,Paolo,Verdi,user914@example.it,B2C,2025-04-07
CT000915,Giulia,Gallo,user915@example.it,B2C,2023-06-08
CT000916,Luca,Gallo,user916@example.it,B2C,2024-07-17
CT000917,Luca,Romano,user917@example.it,B2B,2023-03-02
CT000918,Marco,Rossi,user918@example.it,B2B,2023-10-18
CT000919,Luca,Gallo,user919@example.it,B2C,2023-01-03
CT000920,Paolo,Rossi,user920@example.it,B2B,2023-11-01
CT000921,Matteo,Bianchi,user921@example.it,B2C,2023-11-30
CT000922,Marco,Bianchi,user922@example.it,B2C,2025-11-27
CT000923,Luca,Neri,user923@example.it,B2C,2024-05-08
CT000924,Paolo,Gallo,user924@example.it,B2B,2024-09-15
CT000925,Sara,Romano,user925@example.it,B2C,2023-03-03
CT000926,Luca,Gallo,user926@example.it,B2C,2025-11-11
CT000927,Davide,Costa,user927@example.it,B2B,2024-12-26
CT000928,Marco,Gallo,user928@example.it,B2C,2023-09-05
CT000929,Luca,Gallo,user929@example.it,B2B,2024-12-28
CT000930,Davide,Bianchi,user930@example.it,B2C,2023-03-26
CT000931,Luca,Verdi,user931@example.it,B2C,2024-03-25
CT000932,Giulia,Romano,user932@example.it,B2C,2025-12-17
CT000933,Elena,Neri,user933@example.it,B2C,2025-07-15
CT000934,Anna,Bianchi,user934@example.it,B2C,2023-05-06
CT000935,Sara,Costa,user935@example.it,B2B,2024-07-15
CT000936,Luca,Romano,user936@example.it,B2C,2023-01-07
CT000937,Paolo,Costa,user937@example.it,B2B,2024-05-24
CT000938,Matteo,Neri,user938@example.it,B2C,2023-04-06
CT000939,Luca,Neri,user939@example.it,B2C,2024-11-18
CT000940,Davide,Costa,user940@example.it,B2B,2025-10-13
CT000941,Anna,Verdi,user941@example.it,B2B,2025-03-24
CT000942,Anna,Neri,user942@example.it,B2C,2025-12-16
CT000943,Marco,Bianchi,user943@example.it,B2C,2024-03-20
CT000944,Chiara,Neri,user944@example.it,B2B,2025-08-25
CT000945,Matteo,Romano,user945@example.it,B2B,2023-03-19
CT000946,Marco,Gallo,user946@example.it,B2C,2023-07-24
CT000947,Marco,Neri,user947@example.it,B2C,2024-03-17
CT000948,Anna,Verdi,user948@example.it,B2B,2024-02-16
CT000949,Sara,Gallo,user949@example.it,B2C,2024-02-12
CT000950,Davide,Ferrari,user950@example.it,B2C,2024-04-02
CT000951,Luca,Romano,user951@example.it,B2B,2025-08-07
CT000952,Matteo,Costa,user952@example.it,B2C,2023-06-10
CT000953,Sara,Ferrari,user953@example.it,B2B,2025-05-11
CT000954,Chiara,Rossi,user954@example.it,B2B,2025-08-19
CT000955,Matteo,Romano,user955@example.it,B2B,2024-02-09
CT000956,Matteo,Costa,user956@example.it,B2B,2023-12-02
CT000957,Luca,Romano,user957@example.it,B2B,2024-03-13
CT000958,Davide,Rossi,user958@example.it,B2C,2024-12-05
CT000959,Anna,Neri,user959@example.it,B2C,2024-03-24
CT000960,Giulia,Costa,user960@example.it,B2C,2024-12-30
CT000961,Giulia,Gallo,user961@example.it,B2B,2025-07-06
CT000962,Anna,Ferrari,user962@example.it,B2C,2025-10-28
CT000963,Matteo,Costa,user963@example.it,B2B,2024-01-16
CT000964,Davide,Gallo,user964@example.it,B2B,2025-10-14
CT000965,Matteo,Rossi,user965@example.it,B2C,2023-11-20
CT000966,Paolo,Bianchi,user966@example.it,B2B,2023-02-10
CT000967,Davide,Gallo,user967@example.it,B2C,2023-11-13
CT000968,Anna,Gallo,user968@example.it,B2C,2025-11-22
CT000969,Paolo,Verdi,user969@example.it,B2B,2024-04-09
CT000970,Davide,Verdi,user970@example.it,B2B,2024-05-22
CT000971,Luca,Gallo,user971@example.it,B2C,2024-12-16
CT000972,Luca,Gallo,user972@example.it,B2C,2024-12-21
CT000973,Paolo,Ferrari,user973@example.it,B2B,2023-02-08
CT000974,Giulia,Romano,user974@example.it,B2C,2025-12-18
CT000975,Matteo,Verdi,user975@example.it,B2B,2023-05-16
CT000976,Giulia,Bianchi,user976@example.it,B2B,2024-06-23
CT000977,Giulia,Costa,user977@example.it,B2B,2023-08-02
CT000978,Davide,Rossi,user978@example.it,B2B,2023-08-01
CT000979,Davide,Verdi,user979@example.it,B2C,2025-10-17
CT000980,Anna,Gallo,user980@example.it,B2C,2025-06-19
CT000981,Chiara,Rossi,user981@example.it,B2C,2025-10-16
CT000982,Giulia,Neri,user982@example.it,B2C,2024-10-30
CT000983,Elena,Verdi,user983@example.it,B2C,2025-01-13
CT000984,Chiara,Rossi,user984@example.it,B2C,2025-06-13
CT000985,Marco,Ferrari,user985@example.it,B2C,2024-07-27
CT000986,Davide,Gallo,user986@example.it,B2B,2023-04-12
CT000987,Luca,Bianchi,user987@example.it,B2C,2024-05-15
CT000988,Giulia,Costa,user988@example.it,B2B,2025-02-20
CT000989,Chiara,Neri,user989@example.it,B2C,2023-04-15
CT000990,Matteo,Rossi,user990@example.it,B2C,2024-09-05
CT000991,Chiara,Rossi,user991@example.it,B2B,2024-08-27
CT000992,Matteo,Costa,user992@example.it,B2B,2023-06-22
CT000993,Luca,Neri,user993@example.it,B2C,2024-04-28
CT000994,Matteo,Verdi,user994@example.it,B2B,2023-11-25
CT000995,Matteo,Gallo,user995@example.it,B2C,2023-12-08
CT000996,Marco,Ferrari,user996@example.it,B2B,2023-04-04
CT000997,Matteo,Costa,user997@example.it,B2C,2025-04-28
CT000998,Anna,Costa,user998@example.it,B2B,2024-04-16
CT000999,Chiara,Bianchi,user999@example.it,B2B,2023-11-09
CT001000,Elena,Romano,user1000@example.it,B2B,2025-08-08
CT001001,Giulia,Romano,user1001@example.it,B2B,2023-04-23
CT001002,Elena,Gallo,user1002@example.it,B2B,2025-01-12
CT001003,Davide,Verdi,user1003@example.it,B2C,2023-02-15
CT001004,Giulia,Neri,user1004@example.it,B2C,2025-08-14
CT001005,Marco,Costa,user1005@example.it,B2C,2025-04-14
CT001006,Marco,Ferrari,user1006@example.it,B2B,2023-11-11
CT001007,Sara,Rossi,user1007@example.it,B2C,2025-12-19
CT001008,Sara,Verdi,user1008@example.it,B2C,2024-10-01
CT001009,Giulia,Neri,user1009@example.it,B2C,2025-04-07
CT001010,Davide,Romano,user1010@example.it,B2C,2023-07-21
CT001011,Davide,Verdi,user1011@example.it,B2B,2024-06-24
CT001012,Marco,Gallo,user1012@example.it,B2B,2025-08-01
CT001013,Davide,Ferrari,user1013@example.it,B2C,2023-06-17
CT001014,Giulia,Verdi,user1014@example.it,B2C,2023-03-10
CT001015,Giulia,Neri,user1015@example.it,B2B,2025-09-14
CT001016,Paolo,Rossi,user1016@example.it,B2B,2023-09-17
CT001017,Sara,Costa,user1017@example.it,B2B,2025-10-12
CT001018,Chiara,Costa,user1018@example.it,B2C,2025-05-04
CT001019,Anna,Neri,user1019@example.it,B2B,2025-10-14
CT001020,Paolo,Neri,user1020@example.it,B2C,2024-06-14
CT001021,Anna,Gallo,user1021@example.it,B2C,2023-10-23
CT001022,Chiara,Romano,user1022@example.it,B2C,2025-08-19
CT001023,Matteo,Verdi,user1023@example.it,B2C,2024-09-24
CT001024,Matteo,Bianchi,user1024@example.it,B2B,2025-02-26
CT001025,Chiara,Romano,user1025@example.it,B2B,2025-12-09
CT001026,Luca,Bianchi,user1026@example.it,B2B,2025-04-25
CT001027,Davide,Romano,user1027@example.it,B2C,2024-02-27
CT001028,Paolo,Bianchi,user1028@example.it,B2C,2025-05-28
CT001029,Sara,Bianchi,user1029@example.it,B2C,2024-04-15
CT001030,Luca,Romano,user1030@example.it,B2B,2024-06-04
CT001031,Matteo,Bianchi,user1031@example.it,B2B,2023-07-07
CT001032,Luca,Romano,user1032@example.it,B2B,2023-02-04
CT001033,Elena,Neri,user1033@example.it,B2C,2024-04-21
CT001034,Sara,Romano,user1034@example.it,B2B,2024-10-23
CT001035,Marco,Gallo,user1035@example.it,B2C,2023-03-27
CT001036,Sara,Costa,user1036@example.it,B2C,2023-11-03
CT001037,Anna,Ferrari,user1037@example.it,B2C,2025-05-01
CT001038,Sara,Gallo,user1038@example.it,B2C,2024-12-11
CT001039,Elena,Romano,user1039@example.it,B2B,2024-02-24
CT001040,Marco,Ferrari,user1040@example.it,B2B,2023-04-16
CT001041,Davide,Romano,user1041@example.it,B2B,2025-07-14
CT001042,Sara,Rossi,user1042@example.it,B2B,2024-03-10
CT001043,Paolo,Bianchi,user1043@example.it,B2C,2023-03-19
CT001044,Elena,Bianchi,user1044@example.it,B2C,2024-11-19
CT001045,Elena,Neri,user1045@example.it,B2C,2023-01-06
CT001046,Marco,Romano,user1046@example.it,B2C,2023-05-18
CT001047,Matteo,Verdi,user1047@example.it,B2C,2023-07-07
CT001048,Davide,Gallo,user1048@example.it,B2C,2025-06-28
CT001049,Elena,Romano,user1049@example.it,B2C,2025-05-24
CT001050,Anna,Bianchi,user1050@example.it,B2C,2024-03-18
CT001051,Anna,Rossi,user1051@example.it,B2B,2023-04-09
CT001052,Anna,Rossi,user1052@example.it,B2C,2024-07-04
CT001053,Anna,Romano,user1053@example.it,B2C,2023-05-20
CT001054,Chiara,Romano,user1054@example.it,B2B,2023-09-05
CT001055,Anna,Costa,user1055@example.it,B2C,2025-09-08
CT001056,Elena,Romano,user1056@example.it,B2B,2025-04-12
CT001057,Elena,Bianchi,user1057@example.it,B2C,2024-06-09
CT001058,Chiara,Costa,user1058@example.it,B2C,2025-12-17
CT001059,Matteo,Romano,user1059@example.it,B2C,2024-09-29
CT001060,Elena,Costa,user1060@example.it,B2C,2024-01-06
CT001061,Sara,Ferrari,user1061@example.it,B2C,2025-07-19
CT001062,Anna,Bianchi,user1062@example.it,B2C,2023-08-31
CT001063,Sara,Costa,user1063@example.it,B2C,2024-08-23
CT001064,Chiara,Gallo,user1064@example.it,B2C,2023-06-22
CT001065,Matteo,Ferrari,user1065@example.it,B2C,2023-04-25
CT001066,Paolo,Gallo,user1066@example.it,B2B,2023-11-18
CT001067,Paolo,Gallo,user1067@example.it,B2B,2023-09-13
CT001068,Matteo,Bianchi,user1068@example.it,B2B,2025-01-21
CT001069,Matteo,Romano,user1069@example.it,B2C,2025-08-21
CT001070,Luca,Costa,user1070@example.it,B2C,2023-02-02
CT001071,Marco,Bianchi,user1071@example.it,B2C,2024-03-26
CT001072,Paolo,Ferrari,user1072@example.it,B2C,2024-09-09
CT001073,Chiara,Verdi,user1073@example.it,B2B,2023-09-26
CT001074,Davide,Ferrari,user1074@example.it,B2B,2024-10-18
CT001075,Marco,Verdi,user1075@example.it,B2B,2023-09-10
CT001076,Elena,Costa,user1076@example.it,B2C,2025-04-06
CT001077,Paolo,Gallo,user1077@example.it,B2C,2024-04-18
CT001078,Luca,Costa,user1078@example.it,B2C,2023-05-30
CT001079,Davide,Neri,user1079@example.it,B2C,2023-01-28
CT001080,Luca,Rossi,user1080@example.it,B2C,2025-09-29
CT001081,Davide,Bianchi,user1081@example.it,B2C,2023-01-05
CT001082,Sara,Neri,user1082@example.it,B2B,2024-02-03
CT001083,Anna,Bianchi,user1083@example.it,B2B,2024-08-29
CT001084,Chiara,Verdi,user1084@example.it,B2C,2023-06-07
CT001085,Davide,Rossi,user1085@example.it,B2C,2025-02-23
CT001086,Giulia,Bianchi,user1086@example.it,B2B,2023-09-12
CT001087,Paolo,Costa,user1087@example.it,B2C,2025-06-14
CT001088,Giulia,Romano,user1088@example.it,B2C,2025-01-21
CT001089,Matteo,Verdi,user1089@example.it,B2C,2025-08-22
CT001090,Paolo,Gallo,user1090@example.it,B2B,2025-10-18
CT001091,Sara,Costa,user1091@example.it,B2B,2023-10-22
CT001092,Anna,Romano,user1092@example.it,B2C,2025-01-24
CT001093,Matteo,Bianchi,user1093@example.it,B2C,2024-06-14
CT001094,Giulia,Bianchi,user1094@example.it,B2C,2024-08-30
CT001095,Davide,Verdi,user1095@example.it,B2C,2024-04-19
CT001096,Elena,Rossi,user1096@example.it,B2C,2024-12-16
CT001097,Matteo,Costa,user1097@example.it,B2C,2023-12-15
CT001098,Paolo,Costa,user1098@example.it,B2C,2025-04-13
CT001099,Sara,Rossi,user1099@example.it,B2B,2023-07-23
CT001100,Marco,Neri,user1100@example.it,B2B,2023-04-28
CT001101,Paolo,Bianchi,user1101@example.it,B2C,2023-11-09
CT001102,Anna,Bianchi,user1102@example.it,B2B,2023-03-13
CT001103,Marco,Costa,user1103@example.it,B2B,2024-07-05
CT001104,Paolo,Costa,user1104@example.it,B2B,2025-02-06
CT001105,Paolo,Verdi,user1105@example.it,B2B,2024-10-09
CT001106,Paolo,Romano,user1106@example.it,B2C,2025-04-21
CT001107,Anna,Rossi,user1107@example.it,B2C,2025-07-02
CT001108,Giulia,Ferrari,user1108@example.it,B2B,2024-05-22
CT001109,Chiara,Romano,user1109@example.it,B2B,2024-09-11
CT001110,Marco,Costa,user1110@example.it,B2B,2024-10-24
CT001111,Elena,Verdi,user1111@example.it,B2B,2025-03-23
CT001112,Luca,Costa,user1112@example.it,B2C,2025-11-11
CT001113,Davide,Verdi,user1113@example.it,B2C,2023-05-28
CT001114,Anna,Ferrari,user1114@example.it,B2B,2023-11-02
CT001115,Luca,Costa,user1115@example.it,B2B,2023-03-10
CT001116,Davide,Costa,user1116@example.it,B2C,2023-12-13
CT001117,Paolo,Gallo,user1117@example.it,B2B,2023-05-09
CT001118,Elena,Bianchi,user1118@example.it,B2C,2025-09-15
CT001119,Luca,Ferrari,user1119@example.it,B2B,2024-01-18
CT001120,Elena,Verdi,user1120@example.it,B2B,2023-12-30
CT001121,Paolo,Costa,user1121@example.it,B2B,2023-11-29
CT001122,Sara,Romano,user1122@example.it,B2C,2023-04-25
CT001123,Sara,Ferrari,user1123@example.it,B2C,2023-12-23
CT001124,Matteo,Neri,user1124@example.it,B2C,2023-11-30
CT001125,Paolo,Gallo,user1125@example.it,B2C,2024-03-02
CT001126,Chiara,Ferrari,user1126@example.it,B2B,2024-01-01
CT001127,Chiara,Romano,user1127@example.it,B2B,2025-04-30
CT001128,Davide,Neri,user1128@example.it,B2C,2023-03-29
CT001129,Elena,Gallo,user1129@example.it,B2C,2024-01-05
CT001130,Luca,Costa,user1130@example.it,B2C,2025-09-22
CT001131,Matteo,Costa,user1131@example.it,B2B,2023-07-14
CT001132,Anna,Bianchi,user1132@example.it,B2C,2023-01-20
CT001133,Giulia,Ferrari,user1133@example.it,B2B,2025-12-23
CT001134,Sara,Rossi,user1134@example.it,B2C,2025-07-09
CT001135,Marco,Bianchi,user1135@example.it,B2C,2025-07-28
CT001136,Marco,Bianchi,user1136@example.it,B2C,2023-11-21
CT001137,Sara,Neri,user1137@example.it,B2B,2024-07-27
CT001138,Giulia,Neri,user1138@example.it,B2C,2024-10-01
CT001139,Sara,Neri,user1139@example.it,B2B,2025-01-21
CT001140,Elena,Rossi,user1140@example.it,B2C,2024-01-01
CT001141,Luca,Ferrari,user1141@example.it,B2C,2025-06-02
CT001142,Davide,Gallo,user1142@example.it,B2B,2025-06-28
CT001143,Davide,Ferrari,user1143@example.it,B2C,2024-11-13
CT001144,Davide,Bianchi,user1144@example.it,B2B,2024-07-18
CT001145,Anna,Romano,user1145@example.it,B2B,2024-09-10
CT001146,Davide,Neri,user1146@example.it,B2B,2025-05-30
CT001147,Chiara,Romano,user1147@example.it,B2C,2023-01-18
CT001148,Giulia,Ferrari,user1148@example.it,B2B,2023-04-27
CT001149,Chiara,Neri,user1149@example.it,B2C,2023-02-03
CT001150,Davide,Rossi,user1150@example.it,B2B,2025-01-13
CT001151,Giulia,Rossi,user1151@example.it,B2B,2024-05-10
CT001152,Paolo,Neri,user1152@example.it,B2B,2023-01-02
CT001153,Paolo,Costa,user1153@example.it,B2C,2025-03-02
CT001154,Paolo,Ferrari,user1154@example.it,B2C,2024-12-05
CT001155,Elena,Costa,user1155@example.it,B2C,2024-03-14
CT001156,Paolo,Ferrari,user1156@example.it,B2B,2025-09-20
CT001157,Chiara,Costa,user1157@example.it,B2C,2024-10-13
CT001158,Davide,Gallo,user1158@example.it,B2C,2025-08-17
CT001159,Chiara,Verdi,user1159@example.it,B2B,2024-12-31
CT001160,Davide,Costa,user1160@example.it,B2B,2025-12-02
CT001161,Sara,Gallo,user1161@example.it,B2C,2025-07-28
CT001162,Giulia,Costa,user1162@example.it,B2C,2024-05-11
CT001163,Marco,Neri,user1163@example.it,B2B,2024-08-20
CT001164,Luca,Neri,user1164@example.it,B2C,2024-03-01
CT001165,Paolo,Bianchi,user1165@example.it,B2B,2025-12-02
CT001166,Giulia,Bianchi,user1166@example.it,B2B,2025-02-16
CT001167,Sara,Bianchi,user1167@example.it,B2B,2025-01-13
CT001168,Davide,Costa,user1168@example.it,B2C,2023-02-07
CT001169,Paolo,Romano,user1169@example.it,B2C,2024-11-03
CT001170,Matteo,Romano,user1170@example.it,B2B,2025-07-04
CT001171,Matteo,Ferrari,user1171@example.it,B2C,2025-10-06
CT001172,Paolo,Neri,user1172@example.it,B2B,2024-11-10
CT001173,Paolo,Rossi,user1173@example.it,B2C,2023-12-03
CT001174,Sara,Neri,user1174@example.it,B2B,2025-09-02
CT001175,Marco,Bianchi,user1175@example.it,B2B,2023-09-25
CT001176,Chiara,Rossi,user1176@example.it,B2C,2025-04-08
CT001177,Anna,Ferrari,user1177@example.it,B2B,2023-04-26
CT001178,Luca,Verdi,user1178@example.it,B2B,2023-03-18
CT001179,Paolo,Ferrari,user1179@example.it,B2C,2025-09-11
CT001180,Luca,Ferrari,user1180@example.it,B2B,2024-05-17
CT001181,Anna,Neri,user1181@example.it,B2C,2025-08-16
CT001182,Anna,Costa,user1182@example.it,B2B,2025-02-24
CT001183,Marco,Neri,user1183@example.it,B2C,2025-09-26
CT001184,Luca,Gallo,user1184@example.it,B2C,2024-05-16
CT001185,Marco,Neri,user1185@example.it,B2C,2024-02-24
CT001186,Paolo,Costa,user1186@example.it,B2C,2025-01-03
CT001187,Anna,Costa,user1187@example.it,B2C,2025-01-28
CT001188,Marco,Ferrari,user1188@example.it,B2B,2025-07-06
CT001189,Giulia,Neri,user1189@example.it,B2B,2024-07-15
CT001190,Anna,Romano,user1190@example.it,B2C,2024-11-16
CT001191,Sara,Rossi,user1191@example.it,B2C,2025-08-04
CT001192,Matteo,Gallo,user1192@example.it,B2C,2024-12-18
CT001193,Giulia,Costa,user1193@example.it,B2C,2024-01-04
CT001194,Chiara,Gallo,user1194@example.it,B2C,2025-08-23
CT001195,Giulia,Neri,user1195@example.it,B2C,2023-11-09
CT001196,Sara,Verdi,user1196@example.it,B2C,2024-10-24
CT001197,Anna,Romano,user1197@example.it,B2C,2023-07-03
CT001198,Chiara,Ferrari,user1198@example.it,B2C,2023-06-20
CT001199,Chiara,Rossi,user1199@example.it,B2B,2025-03-22
CT001200,Chiara,Verdi,user1200@example.it,B2B,2024-02-23
CT001201,Chiara,Bianchi,user1201@example.it,B2C,2023-03-15
CT001202,Davide,Gallo,user1202@example.it,B2B,2024-02-24
CT001203,Chiara,Romano,user1203@example.it,B2C,2025-01-05
CT001204,Sara,Verdi,user1204@example.it,B2C,2024-03-27
CT001205,Anna,Neri,user1205@example.it,B2C,2023-09-28
CT001206,Chiara,Neri,user1206@example.it,B2B,2024-05-28
CT001207,Sara,Romano,user1207@example.it,B2C,2023-12-08
CT001208,Elena,Gallo,user1208@example.it,B2B,2023-06-17
CT001209,Davide,Rossi,user1209@example.it,B2B,2025-06-12
CT001210,Elena,Rossi,user1210@example.it,B2B,2024-06-21
CT001211,Sara,Rossi,user1211@example.it,B2C,2025-11-10
CT001212,Luca,Neri,user1212@example.it,B2B,2025-12-03
CT001213,Sara,Romano,user1213@example.it,B2B,2024-02-02
CT001214,Elena,Gallo,user1214@example.it,B2B,2023-05-02
CT001215,Matteo,Romano,user1215@example.it,B2C,2024-11-11
CT001216,Marco,Rossi,user1216@example.it,B2C,2024-06-22
CT001217,Luca,Romano,user1217@example.it,B2C,2023-09-29
CT001218,Marco,Ferrari,user1218@example.it,B2C,2024-06-30
CT001219,Paolo,Gallo,user1219@example.it,B2C,2024-04-12
CT001220,Anna,Verdi,user1220@example.it,B2C,2024-02-28
CT001221,Elena,Gallo,user1221@example.it,B2B,2025-03-12
CT001222,Marco,Verdi,user1222@example.it,B2C,2023-04-06
CT001223,Marco,Ferrari,user1223@example.it,B2C,2024-01-11
CT001224,Matteo,Gallo,user1224@example.it,B2B,2024-04-08
CT001225,Luca,Ferrari,user1225@example.it,B2B,2023-06-29
CT001226,Chiara,Romano,user1226@example.it,B2B,2024-06-27
CT001227,Sara,Neri,user1227@example.it,B2C,2024-10-21
CT001228,Chiara,Verdi,user1228@example.it,B2B,2025-01-18
CT001229,Giulia,Costa,user1229@example.it,B2C,2024-08-31
CT001230,Luca,Bianchi,user1230@example.it,B2C,2025-09-29
CT001231,Davide,Costa,user1231@example.it,B2C,2025-11-07
CT001232,Giulia,Gallo,user1232@example.it,B2B,2025-07-18
CT001233,Davide,Neri,user1233@example.it,B2C,2024-10-04
CT001234,Luca,Gallo,user1234@example.it,B2B,2023-08-06
CT001235,Matteo,Bianchi,user1235@example.it,B2B,2023-08-07
CT001236,Elena,Ferrari,user1236@example.it,B2C,2025-04-01
CT001237,Luca,Rossi,user1237@example.it,B2B,2025-10-08
CT001238,Chiara,Rossi,user1238@example.it,B2B,2024-02-07
CT001239,Sara,Bianchi,user1239@example.it,B2C,2024-04-08
CT001240,Sara,Romano,user1240@example.it,B2C,2023-05-30
CT001241,Matteo,Romano,user1241@example.it,B2C,2025-10-18
CT001242,Davide,Romano,user1242@example.it,B2C,2024-06-11
CT001243,Chiara,Costa,user1243@example.it,B2C,2024-07-19
CT001244,Paolo,Neri,user1244@example.it,B2B,2024-06-12
CT001245,Anna,Neri,user1245@example.it,B2C,2025-10-23
CT001246,Sara,Gallo,user1246@example.it,B2B,2023-11-08
CT001247,Marco,Costa,user1247@example.it,B2B,2023-07-01
CT001248,Paolo,Ferrari,user1248@example.it,B2B,2025-08-01
CT001249,Luca,Neri,user1249@example.it,B2B,2025-05-09
CT001250,Giulia,Bianchi,user1250@example.it,B2C,2025-10-05
CT001251,Davide,Rossi,user1251@example.it,B2C,2023-05-25
CT001252,Elena,Bianchi,user1252@example.it,B2B,2023-06-27
CT001253,Elena,Bianchi,user1253@example.it,B2C,2025-05-16
CT001254,Elena,Verdi,user1254@example.it,B2C,2024-06-15
CT001255,Marco,Ferrari,user1255@example.it,B2C,2024-09-14
CT001256,Chiara,Ferrari,user1256@example.it,B2B,2024-06-12
CT001257,Paolo,Costa,user1257@example.it,B2C,2023-03-05
CT001258,Davide,Romano,user1258@example.it,B2C,2025-02-13
CT001259,Marco,Gallo,user1259@example.it,B2C,2023-10-25
CT001260,Davide,Romano,user1260@example.it,B2C,2023-01-27
CT001261,Luca,Rossi,user1261@example.it,B2C,2024-11-27
CT001262,Luca,Neri,user1262@example.it,B2B,2023-04-04
CT001263,Paolo,Verdi,user1263@example.it,B2C,2025-02-11
CT001264,Chiara,Neri,user1264@example.it,B2C,2024-12-08
CT001265,Paolo,Gallo,user1265@example.it,B2B,2024-12-17
CT001266,Elena,Romano,user1266@example.it,B2C,2025-12-25
CT001267,Matteo,Gallo,user1267@example.it,B2B,2024-05-21
CT001268,Elena,Costa,user1268@example.it,B2B,2025-02-17
CT001269,Luca,Verdi,user1269@example.it,B2B,2025-07-04
CT001270,Luca,Bianchi,user1270@example.it,B2C,2023-06-23
CT001271,Chiara,Neri,user1271@example.it,B2B,2025-03-04
CT001272,Elena,Verdi,user1272@example.it,B2C,2025-04-25
CT001273,Marco,Gallo,user1273@example.it,B2C,2025-11-19
CT001274,Paolo,Rossi,user1274@example.it,B2C,2025-05-26
CT001275,Giulia,Bianchi,user1275@example.it,B2B,2023-07-01
CT001276,Marco,Costa,user1276@example.it,B2C,2025-06-06
CT001277,Anna,Rossi,user1277@example.it,B2C,2025-01-13
CT001278,Luca,Rossi,user1278@example.it,B2C,2025-07-07
CT001279,Luca,Bianchi,user1279@example.it,B2C,2025-04-21
CT001280,Sara,Ferrari,user1280@example.it,B2C,2025-11-27
CT001281,Luca,Romano,user1281@example.it,B2C,2025-12-09
CT001282,Chiara,Verdi,user1282@example.it,B2C,2024-12-31
CT001283,Davide,Costa,user1283@example.it,B2C,2024-07-26
CT001284,Anna,Verdi,user1284@example.it,B2C,2024-02-24
CT001285,Marco,Ferrari,user1285@example.it,B2C,2023-12-03
CT001286,Marco,Verdi,user1286@example.it,B2B,2023-12-08
CT001287,Davide,Bianchi,user1287@example.it,B2B,2023-07-09
CT001288,Elena,Neri,user1288@example.it,B2B,2025-01-01
CT001289,Davide,Neri,user1289@example.it,B2C,2024-07-01
CT001290,Giulia,Costa,user1290@example.it,B2C,2025-08-31
CT001291,Paolo,Romano,user1291@example.it,B2B,2025-04-11
CT001292,Elena,Ferrari,user1292@example.it,B2B,2024-01-27
CT001293,Elena,Gallo,user1293@example.it,B2B,2023-05-03
CT001294,Chiara,Neri,user1294@example.it,B2C,2023-07-15
CT001295,Paolo,Gallo,user1295@example.it,B2C,2023-12-19
CT001296,Sara,Bianchi,user1296@example.it,B2C,2025-07-17
CT001297,Elena,Bianchi,user1297@example.it,B2B,2023-08-06
CT001298,Sara,Verdi,user1298@example.it,B2C,2025-05-27
CT001299,Paolo,Costa,user1299@example.it,B2B,2024-06-05
CT001300,Giulia,Gallo,user1300@example.it,B2B,2024-06-08
CT001301,Paolo,Neri,user1301@example.it,B2C,2025-07-31
CT001302,Elena,Verdi,user1302@example.it,B2B,2025-02-09
CT001303,Elena,Ferrari,user1303@example.it,B2B,2025-11-14
CT001304,Giulia,Romano,user1304@example.it,B2C,2024-12-23
CT001305,Davide,Verdi,user1305@example.it,B2B,2024-06-30
CT001306,Paolo,Gallo,user1306@example.it,B2B,2024-11-08
CT001307,Giulia,Neri,user1307@example.it,B2C,2025-06-27
CT001308,Paolo,Bianchi,user1308@example.it,B2B,2024-05-24
CT001309,Paolo,Bianchi,user1309@example.it,B2B,2024-12-13
CT001310,Elena,Gallo,user1310@example.it,B2C,2023-05-22
CT001311,Giulia,Bianchi,user1311@example.it,B2B,2025-12-14
CT001312,Paolo,Bianchi,user1312@example.it,B2C,2024-08-25
CT001313,Marco,Bianchi,user1313@example.it,B2C,2025-04-01
CT001314,Giulia,Gallo,user1314@example.it,B2B,2023-06-05
CT001315,Elena,Rossi,user1315@example.it,B2C,2025-09-22
CT001316,Marco,Verdi,user1316@example.it,B2C,2025-09-25
CT001317,Anna,Costa,user1317@example.it,B2B,2024-05-16
CT001318,Davide,Gallo,user1318@example.it,B2C,2025-03-26
CT001319,Chiara,Gallo,user1319@example.it,B2B,2023-12-10
CT001320,Paolo,Romano,user1320@example.it,B2B,2023-09-20
CT001321,Paolo,Verdi,user1321@example.it,B2B,2024-02-28
CT001322,Elena,Romano,user1322@example.it,B2C,2025-02-08
CT001323,Giulia,Ferrari,user1323@example.it,B2C,2023-03-23
CT001324,Luca,Ferrari,user1324@example.it,B2C,2024-02-08
CT001325,Sara,Verdi,user1325@example.it,B2B,2024-03-15
CT001326,Sara,Verdi,user1326@example.it,B2C,2023-04-10
CT001327,Marco,Verdi,user1327@example.it,B2C,2025-09-06
CT001328,Elena,Gallo,user1328@example.it,B2C,2024-03-30
CT001329,Marco,Bianchi,user1329@example.it,B2C,2023-11-10
CT001330,Luca,Rossi,user1330@example.it,B2B,2025-09-10
CT001331,Marco,Costa,user1331@example.it,B2B,2025-01-23
CT001332,Davide,Rossi,user1332@example.it,B2B,2024-11-02
CT001333,Paolo,Ferrari,user1333@example.it,B2B,2024-01-08
CT001334,Paolo,Verdi,user1334@example.it,B2C,2023-10-04
CT001335,Sara,Costa,user1335@example.it,B2C,2023-08-03
CT001336,Matteo,Gallo,user1336@example.it,B2C,2025-08-23
CT001337,Matteo,Ferrari,user1337@example.it,B2C,2023-04-20
CT001338,Marco,Romano,user1338@example.it,B2B,2023-03-26
CT001339,Giulia,Costa,user1339@example.it,B2C,2025-01-05
CT001340,Marco,Neri,user1340@example.it,B2C,2024-04-09
CT001341,Luca,Neri,user1341@example.it,B2B,2025-10-17
CT001342,Giulia,Ferrari,user1342@example.it,B2C,2025-12-04
CT001343,Elena,Neri,user1343@example.it,B2C,2025-08-16
CT001344,Elena,Costa,user1344@example.it,B2C,2023-09-16
CT001345,Sara,Rossi,user1345@example.it,B2B,2023-11-14
CT001346,Chiara,Costa,user1346@example.it,B2B,2023-01-10
CT001347,Anna,Bianchi,user1347@example.it,B2C,2024-11-25
CT001348,Paolo,Gallo,user1348@example.it,B2B,2023-04-10
CT001349,Paolo,Rossi,user1349@example.it,B2B,2024-02-08
CT001350,Matteo,Ferrari,user1350@example.it,B2C,2025-06-20
CT001351,Anna,Costa,user1351@example.it,B2B,2023-06-21
CT001352,Elena,Bianchi,user1352@example.it,B2B,2023-04-07
CT001353,Giulia,Gallo,user1353@example.it,B2B,2023-03-25
CT001354,Chiara,Neri,user1354@example.it,B2C,2025-07-03
CT001355,Chiara,Gallo,user1355@example.it,B2C,2025-05-19
CT001356,Anna,Verdi,user1356@example.it,B2C,2024-02-14
CT001357,Davide,Verdi,user1357@example.it,B2C,2024-12-30
CT001358,Davide,Rossi,user1358@example.it,B2C,2024-05-03
CT001359,Davide,Verdi,user1359@example.it,B2C,2024-01-10
CT001360,Chiara,Neri,user1360@example.it,B2C,2025-05-13
CT001361,Sara,Costa,user1361@example.it,B2C,2023-04-01
CT001362,Giulia,Gallo,user1362@example.it,B2C,2024-06-06
CT001363,Chiara,Neri,user1363@example.it,B2C,2024-06-08
CT001364,Marco,Rossi,user1364@example.it,B2B,2023-06-08
CT001365,Anna,Costa,user1365@example.it,B2C,2025-11-02
CT001366,Paolo,Ferrari,user1366@example.it,B2C,2023-02-05
CT001367,Sara,Romano,user1367@example.it,B2B,2024-11-22
CT001368,Marco,Rossi,user1368@example.it,B2C,2024-07-18
CT001369,Paolo,Costa,user1369@example.it,B2C,2023-12-30
CT001370,Giulia,Rossi,user1370@example.it,B2C,2023-01-13
CT001371,Chiara,Romano,user1371@example.it,B2C,2023-08-05
CT001372,Marco,Ferrari,user1372@example.it,B2B,2024-09-04
CT001373,Anna,Bianchi,user1373@example.it,B2B,2023-10-20
CT001374,Giulia,Ferrari,user1374@example.it,B2C,2025-04-07
CT001375,Matteo,Neri,user1375@example.it,B2C,2025-06-19
CT001376,Paolo,Costa,user1376@example.it,B2B,2024-03-28
CT001377,Chiara,Bianchi,user1377@example.it,B2B,2023-03-07
CT001378,Elena,Gallo,user1378@example.it,B2B,2025-06-28
CT001379,Luca,Verdi,user1379@example.it,B2B,2025-09-22
CT001380,Davide,Gallo,user1380@example.it,B2C,2024-11-09
CT001381,Sara,Costa,user1381@example.it,B2C,2025-10-18
CT001382,Paolo,Romano,user1382@example.it,B2B,2024-05-25
CT001383,Marco,Gallo,user1383@example.it,B2B,2024-06-09
CT001384,Giulia,Costa,user1384@example.it,B2B,2024-02-07
CT001385,Elena,Verdi,user1385@example.it,B2C,2024-11-04
CT001386,Luca,Ferrari,user1386@example.it,B2C,2023-03-25
CT001387,Paolo,Ferrari,user1387@example.it,B2B,2023-12-05
CT001388,Luca,Gallo,user1388@example.it,B2C,2024-01-22
CT001389,Chiara,Neri,user1389@example.it,B2B,2025-10-12
CT001390,Elena,Rossi,user1390@example.it,B2B,2024-06-29
CT001391,Paolo,Gallo,user1391@example.it,B2B,2025-12-26
CT001392,Elena,Neri,user1392@example.it,B2C,2023-10-20
CT001393,Matteo,Bianchi,user1393@example.it,B2B,2023-10-20
CT001394,Giulia,Costa,user1394@example.it,B2C,2023-04-05
CT001395,Luca,Ferrari,user1395@example.it,B2B,2024-06-25
CT001396,Matteo,Romano,user1396@example.it,B2B,2024-05-03
CT001397,Giulia,Ferrari,user1397@example.it,B2B,2023-07-13
CT001398,Elena,Romano,user1398@example.it,B2C,2025-05-31
CT001399,Marco,Verdi,user1399@example.it,B2B,2025-09-21
CT001400,Giulia,Verdi,user1400@example.it,B2B,2023-10-03
CT001401,Luca,Rossi,user1401@example.it,B2C,2025-05-10
CT001402,Sara,Costa,user1402@example.it,B2B,2024-11-06
CT001403,Elena,Verdi,user1403@example.it,B2C,2025-03-25
CT001404,Paolo,Costa,user1404@example.it,B2C,2024-12-27
CT001405,Chiara,Costa,user1405@example.it,B2C,2025-06-09
CT001406,Elena,Ferrari,user1406@example.it,B2B,2025-12-16
CT001407,Paolo,Rossi,user1407@example.it,B2C,2023-10-22
CT001408,Sara,Bianchi,user1408@example.it,B2C,2023-02-14
CT001409,Anna,Rossi,user1409@example.it,B2B,2025-12-09
CT001410,Elena,Neri,user1410@example.it,B2B,2024-01-13
CT001411,Chiara,Ferrari,user1411@example.it,B2B,2024-01-13
CT001412,Paolo,Bianchi,user1412@example.it,B2C,2025-04-29
CT001413,Giulia,Verdi,user1413@example.it,B2C,2025-12-15
CT001414,Giulia,Bianchi,user1414@example.it,B2B,2023-03-14
CT001415,Anna,Rossi,user1415@example.it,B2B,2024-11-19
CT001416,Marco,Romano,user1416@example.it,B2C,2025-02-19
CT001417,Matteo,Bianchi,user1417@example.it,B2B,2024-01-15
CT001418,Marco,Romano,user1418@example.it,B2B,2023-08-31
CT001419,Sara,Bianchi,user1419@example.it,B2B,2025-04-26
CT001420,Sara,Romano,user1420@example.it,B2C,2023-02-02
CT001421,Paolo,Gallo,user1421@example.it,B2B,2023-09-02
CT001422,Giulia,Verdi,user1422@example.it,B2C,2024-06-20
CT001423,Anna,Costa,user1423@example.it,B2B,2023-08-03
CT001424,Giulia,Ferrari,user1424@example.it,B2C,2025-07-30
CT001425,Elena,Bianchi,user1425@example.it,B2B,2024-08-17
CT001426,Luca,Bianchi,user1426@example.it,B2B,2024-02-11
CT001427,Luca,Verdi,user1427@example.it,B2B,2025-05-06
CT001428,Matteo,Romano,user1428@example.it,B2B,2025-10-10
CT001429,Paolo,Romano,user1429@example.it,B2C,2023-02-20
CT001430,Paolo,Costa,user1430@example.it,B2B,2024-12-28
CT001431,Davide,Gallo,user1431@example.it,B2B,2025-07-07
CT001432,Paolo,Verdi,user1432@example.it,B2B,2023-04-09
CT001433,Luca,Romano,user1433@example.it,B2B,2024-06-10
CT001434,Giulia,Gallo,user1434@example.it,B2B,2023-08-06
CT001435,Elena,Costa,user1435@example.it,B2C,2024-10-12
CT001436,Chiara,Verdi,user1436@example.it,B2C,2023-10-14
CT001437,Giulia,Romano,user1437@example.it,B2C,2023-04-06
CT001438,Marco,Gallo,user1438@example.it,B2C,2024-04-27
CT001439,Davide,Gallo,user1439@example.it,B2B,2024-11-25
CT001440,Sara,Verdi,user1440@example.it,B2B,2023-11-25
CT001441,Chiara,Ferrari,user1441@example.it,B2B,2025-04-29
CT001442,Davide,Romano,user1442@example.it,B2B,2024-08-10
CT001443,Anna,Costa,user1443@example.it,B2B,2025-06-28
CT001444,Marco,Bianchi,user1444@example.it,B2C,2023-12-12
CT001445,Sara,Costa,user1445@example.it,B2C,2025-11-22
CT001446,Paolo,Neri,user1446@example.it,B2B,2023-08-25
CT001447,Davide,Neri,user1447@example.it,B2C,2024-11-17
CT001448,Matteo,Neri,user1448@example.it,B2C,2023-02-13
CT001449,Sara,Costa,user1449@example.it,B2C,2024-01-26
CT001450,Matteo,Romano,user1450@example.it,B2B,2024-01-26
CT001451,Elena,Neri,user1451@example.it,B2C,2025-12-28
CT001452,Anna,Ferrari,user1452@example.it,B2C,2024-09-27
CT001453,Sara,Ferrari,user1453@example.it,B2C,2024-07-19
CT001454,Chiara,Bianchi,user1454@example.it,B2B,2025-12-29
CT001455,Marco,Costa,user1455@example.it,B2C,2025-03-17
CT001456,Paolo,Verdi,user1456@example.it,B2B,2024-09-04
CT001457,Chiara,Rossi,user1457@example.it,B2C,2025-12-12
CT001458,Marco,Verdi,user1458@example.it,B2C,2024-06-22
CT001459,Giulia,Verdi,user1459@example.it,B2C,2025-06-30
CT001460,Matteo,Neri,user1460@example.it,B2C,2023-01-01
CT001461,Luca,Gallo,user1461@example.it,B2C,2025-10-13
CT001462,Matteo,Bianchi,user1462@example.it,B2B,2025-04-16
CT001463,Luca,Romano,user1463@example.it,B2C,2024-07-24
CT001464,Sara,Verdi,user1464@example.it,B2B,2023-09-25
CT001465,Matteo,Verdi,user1465@example.it,B2C,2023-04-18
CT001466,Elena,Costa,user1466@example.it,B2B,2025-01-13
CT001467,Anna,Neri,user1467@example.it,B2C,2024-04-06
CT001468,Luca,Verdi,user1468@example.it,B2B,2024-07-16
CT001469,Elena,Neri,user1469@example.it,B2B,2023-10-27
CT001470,Davide,Verdi,user1470@example.it,B2C,2023-03-04
CT001471,Paolo,Bianchi,user1471@example.it,B2C,2025-12-14
CT001472,Marco,Rossi,user1472@example.it,B2B,2025-07-05
CT001473,Giulia,Gallo,user1473@example.it,B2C,2024-03-08
CT001474,Luca,Gallo,user1474@example.it,B2C,2024-05-14
CT001475,Elena,Bianchi,user1475@example.it,B2B,2024-10-15
CT001476,Luca,Neri,user1476@example.it,B2C,2023-02-17
CT001477,Anna,Rossi,user1477@example.it,B2C,2025-05-06
CT001478,Davide,Romano,user1478@example.it,B2C,2025-06-15
CT001479,Luca,Verdi,user1479@example.it,B2C,2023-04-10
CT001480,Davide,Verdi,user1480@example.it,B2C,2023-03-02
CT001481,Giulia,Bianchi,user1481@example.it,B2C,2025-04-24
CT001482,Anna,Verdi,user1482@example.it,B2C,2023-06-18
CT001483,Davide,Bianchi,user1483@example.it,B2C,2023-10-10
CT001484,Giulia,Bianchi,user1484@example.it,B2C,2025-11-28
CT001485,Marco,Bianchi,user1485@example.it,B2C,2025-04-01
CT001486,Elena,Rossi,user1486@example.it,B2C,2023-04-03
CT001487,Giulia,Romano,user1487@example.it,B2B,2023-12-04
CT001488,Paolo,Neri,user1488@example.it,B2B,2025-07-20
CT001489,Matteo,Costa,user1489@example.it,B2C,2025-07-07
CT001490,Chiara,Costa,user1490@example.it,B2B,2023-02-27
CT001491,Paolo,Romano,user1491@example.it,B2C,2024-07-11
CT001492,Chiara,Neri,user1492@example.it,B2C,2024-04-12
CT001493,Paolo,Costa,user1493@example.it,B2C,2023-02-16
CT001494,Matteo,Ferrari,user1494@example.it,B2C,2024-01-05
CT001495,Marco,Gallo,user1495@example.it,B2C,2023-08-26
CT001496,Luca,Rossi,user1496@example.it,B2B,2024-04-18
CT001497,Matteo,Gallo,user1497@example.it,B2C,2023-09-02
CT001498,Sara,Bianchi,user1498@example.it,B2C,2025-04-30
CT001499,Davide,Neri,user1499@example.it,B2C,2023-07-03
CT001500,Matteo,Costa,user1500@example.it,B2C,2024-01-02
